Kaution	noun	f	押金	-
Nebenkosten	noun	pl	杂费（水电暖等）	-
Nebenkostenabrechnung	noun	f	杂费结算单	-
Betriebskosten	noun	pl	物业运营费	-
Kaltmiete	noun	f	冷租（不含杂费）	-
Warmmiete	noun	f	暖租（含杂费）	-
Mieterhöhung	noun	f	涨租	-
Mietspiegel	noun	m	租金参考表	-
Kappungsgrenze	noun	f	涨幅上限	-
Mietpreisbremse	noun	f	租金限涨令	-
Mietminderung	noun	f	减租	-
Mietrückstand	noun	m	拖欠租金	-
Mietschuldenfreiheitsbescheinigung	noun	f	无欠租证明	-
Untermiete	noun	f	转租	-
Untermieter	noun	m	二房东的租客；分租者	-
Hauptmieter	noun	m	主租户	-
Hausverwaltung	noun	f	物业管理公司	-
Hausmeister	noun	m	楼管；维修工	-
Eigentümer	noun	m	业主；所有人	-
Eigentümerversammlung	noun	f	业主大会	-
Hausordnung	noun	f	住户守则	-
Mieterselbstauskunft	noun	f	租客自我声明表	-
Exposé	noun	n	房源简介	-
Wohnungsbesichtigung	noun	f	看房	-
Makler	noun	m	房产中介	-
Maklerprovision	noun	f	中介费	-
Bestellerprinzip	noun	n	谁委托谁付中介费	-
Nachmieter	noun	m	下一任租客	-
Vormieter	noun	m	前任租客	-
Ablöse	noun	f	转让费（家具设施）	-
Kündigungsfrist	noun	f	解约通知期	-
Sonderkündigungsrecht	noun	n	特别解约权	-
Eigenbedarf	noun	m	自住需要（房东收房理由）	-
Staffelmiete	noun	f	阶梯租金	-
Indexmiete	noun	f	与物价指数挂钩的租金	-
Wohnungsübergabe	noun	f	交房	-
Übergabeprotokoll	noun	n	交接记录	-
Schönheitsreparaturen	noun	pl	表面翻新（粉刷等）	-
Mängelanzeige	noun	f	缺陷通知	-
Mangel	noun	m	缺陷；瑕疵	-
Instandhaltung	noun	f	维护保养	-
Umlage	noun	f	分摊费用	-
Mietbürgschaft	noun	f	租房担保	-
Schufa-Auskunft	noun	f	信用记录报告	-
Wohnungsgeberbestätigung	noun	f	房东入住证明	-
Meldebescheinigung	noun	f	住址登记证明	-
Ummeldung	noun	f	迁址登记	-
Nachsendeauftrag	noun	m	邮件转寄申请	-
Bürgeramt	noun	n	市民服务局	-
Hauptwohnsitz	noun	m	主住所	-
Zweitwohnsitz	noun	m	第二住所	-
Mieterverein	noun	m	租客协会	-
Zwangsräumung	noun	f	强制腾房	-
Wohnungsnot	noun	f	住房短缺	-
Leerstand	noun	m	房屋空置	-
Wohnfläche	noun	f	居住面积	-
Grundriss	noun	m	户型图	-
Altbau	noun	m	老房子（战前建筑）	-
Plattenbau	noun	m	预制板楼	-
Erstbezug	noun	m	首次入住（新房）	-
Einbauküche	noun	f	整体厨房	-
Sozialwohnung	noun	f	社会福利房	-
Wohnberechtigungsschein	noun	m	福利房资格证	-
Wohngeld	noun	n	住房补贴	-
Wohnungsgenossenschaft	noun	f	住房合作社	-
Eigentumswohnung	noun	f	产权公寓	-
Grundsteuer	noun	f	房产税	-
Hypothek	noun	f	房屋抵押贷款	-
Umzugskarton	noun	m	搬家纸箱	-
Umzugsunternehmen	noun	n	搬家公司	-
Halteverbotszone	noun	f	临时禁停区	-
Sackkarre	noun	f	两轮手推车	-
Luftpolsterfolie	noun	f	气泡膜	-
Entrümpelung	noun	f	清理杂物	-
Einzug	noun	m	入住；搬入	-
Einweihungsparty	noun	f	乔迁派对	-
Schlüsseldienst	noun	m	开锁服务	-
Kellerabteil	noun	n	地下室隔间	-
Dachboden	noun	m	阁楼	-
Abstellkammer	noun	f	储物间	-
Waschküche	noun	f	公共洗衣房	-
Treppenhaus	noun	n	楼梯间	-
Hinterhof	noun	m	楼群内院	-
Hinterhaus	noun	n	后楼	-
Dachgeschoss	noun	n	顶层（斜顶）	-
Souterrain	noun	n	半地下层	-
Loggia	noun	f	内嵌式阳台	-
Erker	noun	m	凸窗	-
Tiefgarage	noun	f	地下车库	-
Gegensprechanlage	noun	f	楼宇对讲机	-
Türspion	noun	m	猫眼	-
Schließzylinder	noun	m	锁芯	-
Türklinke	noun	f	门把手	-
Fensterbank	noun	f	窗台	-
Rollladen	noun	m	卷帘百叶窗	-
Fliegengitter	noun	n	纱窗	-
Kippfenster	noun	n	内倒窗	-
Dichtung	noun	f	密封条	-
Fußleiste	noun	f	踢脚线	-
Laminat	noun	n	复合地板	-
Parkett	noun	n	实木拼花地板	-
Fliese	noun	f	瓷砖	-
Fuge	noun	f	缝（砖缝）	-
Estrich	noun	m	地面找平层	-
Tapete	noun	f	墙纸	-
Raufasertapete	noun	f	粗纤维墙纸	-
Sicherungskasten	noun	m	电闸箱	-
Sicherung	noun	f	保险丝	-
FI-Schalter	noun	m	漏电保护开关	-
Stromausfall	noun	m	停电	-
Kurzschluss	noun	m	短路	-
Bewegungsmelder	noun	m	人体感应器	-
Rauchmelder	noun	m	烟雾报警器	-
Heizkörper	noun	m	暖气片	-
Thermostat	noun	n	温控器	-
Heizkostenverteiler	noun	m	暖气费分配计	-
Heizperiode	noun	f	供暖季	-
Fußbodenheizung	noun	f	地暖	-
Etagenheizung	noun	f	单户独立供暖	-
Gastherme	noun	f	燃气壁挂炉	-
Durchlauferhitzer	noun	m	即热式热水器	-
Fernwärme	noun	f	区域集中供热	-
Wärmepumpe	noun	f	热泵	-
Schornsteinfeger	noun	m	烟囱清扫工	-
Heizlüfter	noun	m	暖风机	-
Energieausweis	noun	m	房屋能源证书	-
Energieeffizienzklasse	noun	f	能效等级	-
Dämmung	noun	f	保温层	-
Wärmebrücke	noun	f	热桥	-
Zählerstand	noun	m	表读数	-
Stromzähler	noun	m	电表	-
Abschlag	noun	m	分期预付款	-
Nachzahlung	noun	f	补缴	-
Guthaben	noun	n	结余（多缴退还）	-
Lastschrift	noun	f	自动扣款	-
Stromsperre	noun	f	欠费断电	-
Stromanbieter	noun	m	电力供应商	-
Grundversorger	noun	m	当地基础供电商	-
Balkonkraftwerk	noun	n	阳台光伏	-
Rundfunkbeitrag	noun	m	广播电视费	-
Glasfaseranschluss	noun	m	光纤入户	-
Wasserhärte	noun	f	水质硬度	-
Kalk	noun	m	水垢	-
Wasserschaden	noun	m	水损	-
Rohrbruch	noun	m	水管爆裂	-
Hauptwasserhahn	noun	m	总水阀	-
Abfluss	noun	m	下水口	-
Siphon	noun	m	存水弯	-
Rohrreiniger	noun	m	管道疏通剂	-
Pümpel	noun	m	皮搋子	-
Spülkasten	noun	m	马桶水箱	-
Klobrille	noun	f	马桶圈	-
Mischbatterie	noun	f	冷热混水龙头	-
Perlator	noun	m	龙头起泡器	-
Duschkopf	noun	m	花洒	-
Spiegelschrank	noun	m	镜柜	-
Spüle	noun	f	水槽	-
Dunstabzugshaube	noun	f	抽油烟机	-
Ceranfeld	noun	n	玻璃陶瓷灶面	-
Induktionskochfeld	noun	n	电磁灶	-
Klarspüler	noun	m	洗碗机光亮剂	-
Regeneriersalz	noun	n	洗碗机软水盐	-
Frischhaltefolie	noun	f	保鲜膜	-
Arbeitsplatte	noun	f	厨房台面	-
Hängeschrank	noun	m	吊柜	-
Spülmittel	noun	n	洗洁精	-
Entkalker	noun	m	除垢剂	-
Weichspüler	noun	m	衣物柔顺剂	-
Wäscheständer	noun	m	晾衣架	-
Trockner	noun	m	烘干机	-
Flusensieb	noun	n	绒毛过滤网	-
Saugroboter	noun	m	扫地机器人	-
Kehrschaufel	noun	f	簸箕	-
Wischmopp	noun	m	拖把	-
Putzplan	noun	m	打扫值日表	-
Luftentfeuchter	noun	m	除湿机	-
Luftfeuchtigkeit	noun	f	空气湿度	-
Schimmel	noun	m	霉	-
Schimmelbefall	noun	m	长霉	-
Stockfleck	noun	m	霉斑	-
Mülltrennung	noun	f	垃圾分类	-
Restmüll	noun	m	其他垃圾	-
Biomüll	noun	m	厨余垃圾	-
Biotonne	noun	f	厨余垃圾桶	-
Wertstoff	noun	m	可回收物	-
Wertstofftonne	noun	f	可回收物桶	-
Wertstoffhof	noun	m	废品回收站	-
Verpackungsmüll	noun	m	包装垃圾	-
Altpapier	noun	n	废纸	-
Altkleider	noun	pl	旧衣物	-
Sperrmüll	noun	m	大件垃圾	-
Sondermüll	noun	m	有害垃圾	-
Elektroschrott	noun	m	电子垃圾	-
Grünschnitt	noun	m	修剪下的枝叶	-
Pfand	noun	n	瓶子押金	-
Pfandautomat	noun	m	自动回瓶机	-
Abfallkalender	noun	m	垃圾清运日历	-
Müllabfuhr	noun	f	垃圾清运	-
Ruhezeit	noun	f	安静时段	-
Lärmbelästigung	noun	f	噪音扰民	-
Ruhestörung	noun	f	扰乱安宁	-
Trittschall	noun	m	楼板脚步声	-
Schallschutz	noun	m	隔音	-
Schlichtung	noun	f	调解	-
Anwohner	noun	m	附近居民	-
Hausfrieden	noun	m	邻里和睦	-
Kehrwoche	noun	f	轮值打扫周	-
Winterdienst	noun	m	冬季扫雪服务	-
Streupflicht	noun	f	撒盐防滑义务	-
Streusalz	noun	n	融雪盐	-
Paketstation	noun	f	快递柜	-
Aushang	noun	m	公告（张贴的）	-
Baumarkt	noun	m	建材超市	-
Handwerker	noun	m	工匠；师傅	-
Klempner	noun	m	水管工	-
Installateur	noun	m	水暖安装工	-
Kammerjäger	noun	m	灭虫工	-
Kostenvoranschlag	noun	m	报价单	-
Anfahrtspauschale	noun	f	上门费	-
Ungeziefer	noun	n	害虫	-
Silberfischchen	noun	n	衣鱼（蠹虫）	-
Kakerlake	noun	f	蟑螂	-
Motte	noun	f	蛀虫（蛾）	-
Bettwanze	noun	f	臭虫	-
Wollmaus	noun	f	灰团（床底积灰）	-
Akkuschrauber	noun	m	电动螺丝刀	-
Dübel	noun	m	膨胀塞	-
Inbusschlüssel	noun	m	内六角扳手	-
Wasserwaage	noun	f	水平仪	-
Zollstock	noun	m	折尺	-
Schleifpapier	noun	n	砂纸	-
Malerkrepp	noun	n	美纹纸胶带	-
Spachtel	noun	m	刮刀	-
Dispersionsfarbe	noun	f	乳胶漆	-
Scharnier	noun	n	合页	-
Kommode	noun	f	五斗柜	-
Garderobe	noun	f	衣帽架；衣帽间	-
Lattenrost	noun	m	床板条架	-
Spannbettlaken	noun	n	床笠	-
Schrebergarten	noun	m	城市小菜园	-
Kabelsalat	noun	m	电线乱成一团	-
Gerümpel	noun	n	破烂杂物	-
Krimskrams	noun	m	零碎杂物	-
Hausrat	noun	m	家当	-
Gewährleistung	noun	f	法定保修	-
Hausratversicherung	noun	f	家财险	-
Haftpflichtversicherung	noun	f	个人责任险	-
Gebrauchsspur	noun	f	使用痕迹	-
Delle	noun	f	凹痕	-
Riss	noun	m	裂缝	-
Kratzer	noun	m	划痕	-
Leck	noun	n	漏点	-
untervermieten	verb	-	转租	-
anmieten	verb	-	租下	-
besichtigen	verb	-	看（房）	-
zusagen	verb	-	接受；答应	~ + Dat.
hinterlegen	verb	-	交存（押金）	-
einbehalten	verb	-	扣留（押金）	-
zurückerstatten	verb	-	退还	-
verrechnen	verb	-	抵扣；结算	-
umlegen	verb	-	分摊（费用）	~ auf + Akk.
abrechnen	verb	-	结算	-
nachzahlen	verb	-	补缴	-
beanstanden	verb	-	指出（缺陷）；提出异议	-
mindern	verb	-	减（租）	-
widersprechen	verb	-	提出异议	~ + Dat.
abnehmen	verb	-	验收（房屋）	-
befristen	verb	-	定期限	-
bewohnen	verb	-	居住于	-
beziehen	verb	-	入住；套上（被套）	-
einziehen	verb	-	搬入	-
einleben	verb	-	适应新环境；安顿下来	sich ~
aussperren	verb	-	把自己锁在门外	sich ~
entrümpeln	verb	-	清理杂物	-
ausmisten	verb	-	清理淘汰旧物	-
einlagern	verb	-	存入仓库	-
schleppen	verb	-	拖；扛（重物）	-
anliefern	verb	-	送货上门	-
aufstellen	verb	-	摆放；安置	-
verrücken	verb	-	挪动（家具）	-
umstellen	verb	-	重新摆放	-
einrichten	verb	-	布置（房间）	-
ausstatten	verb	-	配备	~ mit + Dat.
aufmöbeln	verb	-	翻新（旧物）	-
verschönern	verb	-	美化	-
nachrüsten	verb	-	加装	-
verschenken	verb	-	送人；白送	-
sanieren	verb	-	翻修	-
modernisieren	verb	-	现代化改造	-
streichen	verb	-	粉刷	-
tapezieren	verb	-	贴墙纸	-
spachteln	verb	-	刮腻子	-
verputzen	verb	-	抹灰	-
grundieren	verb	-	刷底漆	-
abkleben	verb	-	贴遮蔽胶带	-
abdecken	verb	-	遮盖	-
schleifen	verb	-	打磨	-
lackieren	verb	-	上漆	-
bohren	verb	-	钻孔	-
dübeln	verb	-	打膨胀塞	-
schrauben	verb	-	拧（螺丝）	-
festschrauben	verb	-	拧紧	-
nachziehen	verb	-	再拧紧	-
anbringen	verb	-	安装；固定	-
montieren	verb	-	安装	-
zusammenbauen	verb	-	组装	-
abbauen	verb	-	拆卸	-
demontieren	verb	-	拆除	-
abreißen	verb	-	拆除；撕掉	-
aufhängen	verb	-	挂起；晾（衣服）	-
anschließen	verb	-	接上（电器、管道）	-
verkabeln	verb	-	布线	-
erden	verb	-	接地	-
verlegen	verb	-	铺设（地板、管线）	-
fliesen	verb	-	贴瓷砖	-
verfugen	verb	-	勾缝	-
abdichten	verb	-	密封；堵漏	-
dämmen	verb	-	做保温	-
isolieren	verb	-	绝缘；隔热	-
austauschen	verb	-	更换	-
auswechseln	verb	-	换掉	-
ausbessern	verb	-	修补	-
flicken	verb	-	缝补；打补丁	-
leimen	verb	-	用胶粘	-
entkalken	verb	-	除水垢	-
entlüften	verb	-	给暖气放气	-
abtauen	verb	-	除霜	-
abdrehen	verb	-	关掉（水、气）	-
zudrehen	verb	-	拧紧关上	-
aufdrehen	verb	-	拧开	-
herunterdrehen	verb	-	调低	-
drosseln	verb	-	调小；节流	-
absperren	verb	-	锁上；关闭（阀门）	-
abschließen	verb	-	锁门	-
aufschließen	verb	-	开锁	-
einrasten	verb	-	卡入到位	-
ablesen	verb	-	抄表	-
kippen	verb	-	斜开（窗）	-
stoßlüften	verb	-	短时大开窗通风	-
lüften	verb	-	通风	-
einbrechen	verb	-	入室盗窃	-
tropfen	verb	-	滴水	-
lecken	verb	-	渗漏	-
verstopfen	verb	-	堵塞	-
klemmen	verb	-	卡住（门窗）	-
quietschen	verb	-	吱吱响	-
knarren	verb	-	嘎吱响（地板）	-
wackeln	verb	-	摇晃；松动	-
flackern	verb	-	闪烁（灯）	-
durchbrennen	verb	-	烧坏（灯泡、保险丝）	-
rausfliegen	verb	-	跳闸（保险丝）	口语
ausfallen	verb	-	停摆；（电、暖气）停了	-
auslösen	verb	-	触发（报警器）	-
piepen	verb	-	哔哔响	-
summen	verb	-	嗡嗡响	-
brummen	verb	-	低沉嗡嗡响	-
rauschen	verb	-	哗哗响（水管）	-
gluckern	verb	-	咕噜响（暖气）	-
rieseln	verb	-	簌簌落下（灰、土）	-
bröckeln	verb	-	碎落	-
abblättern	verb	-	剥落（油漆）	-
ablösen	verb	-	脱落	sich ~
verziehen	verb	-	变形（木材）	sich ~
aufquellen	verb	-	泡胀	-
rosten	verb	-	生锈	-
verfärben	verb	-	变色	sich ~
vergilben	verb	-	发黄	-
ausbleichen	verb	-	褪色	-
einlaufen	verb	-	缩水	-
fusseln	verb	-	掉毛；起绒球	-
knittern	verb	-	起皱	-
müffeln	verb	-	有霉味	口语
schimmeln	verb	-	发霉	-
verkalken	verb	-	结水垢	-
ansammeln	verb	-	堆积	sich ~
verschleißen	verb	-	磨损	-
beschädigen	verb	-	损坏	-
zerkratzen	verb	-	刮花	-
abspülen	verb	-	洗碗；冲洗	-
abtrocknen	verb	-	擦干	-
abwischen	verb	-	擦掉	-
wischen	verb	-	擦；拖（地）	-
fegen	verb	-	扫（地）	-
staubsaugen	verb	-	吸尘	-
abstauben	verb	-	掸灰	-
schrubben	verb	-	刷洗	-
scheuern	verb	-	擦洗；磨	-
polieren	verb	-	擦亮；抛光	-
einweichen	verb	-	浸泡	-
auswringen	verb	-	拧干	-
schleudern	verb	-	甩干	-
bügeln	verb	-	熨烫	-
zusammenlegen	verb	-	叠（衣服）	-
einräumen	verb	-	归置进去	-
ausräumen	verb	-	清空；取出	-
wegräumen	verb	-	收起来	-
desinfizieren	verb	-	消毒	-
abkochen	verb	-	煮沸	-
auftauen	verb	-	解冻	-
einfrieren	verb	-	冷冻；冻住	-
vorheizen	verb	-	预热	-
abschalten	verb	-	关掉	-
nachfüllen	verb	-	续装；补充	-
verschütten	verb	-	洒出	-
kleckern	verb	-	滴洒；弄脏	-
überlaufen	verb	-	溢出	-
überkochen	verb	-	煮溢	-
anbrennen	verb	-	烧糊	-
entsorgen	verb	-	处理（废弃物）	-
recyceln	verb	-	回收利用	-
kompostieren	verb	-	堆肥	-
belästigen	verb	-	打扰；骚扰	-
tratschen	verb	-	说闲话	-
aushängen	verb	-	张贴	-
versperren	verb	-	堵住	-
abstellen	verb	-	放置；关掉	-
schimmelig	adj	-	发霉的	-
undicht	adj	-	漏水的；不密封的	-
verstopft	adj	-	堵住了的	-
beschlagen	adj	-	起雾的（玻璃）	-
wackelig	adj	-	摇晃的；不稳的	-
locker	adj	-	松动的	-
defekt	adj	-	坏了的	-
reparaturbedürftig	adj	-	需要维修的	-
sanierungsbedürftig	adj	-	需要翻修的	-
renovierungsbedürftig	adj	-	需要装修的	-
baufällig	adj	-	年久失修的；危房的	-
marode	adj	-	破败的	-
heruntergekommen	adj	-	破旧的	-
abgewohnt	adj	-	住旧了的	-
abgenutzt	adj	-	磨旧的	-
verkratzt	adj	-	刮花的	-
gepflegt	adj	-	保养得好的	-
saniert	adj	-	翻修过的	-
kernsaniert	adj	-	彻底翻新的	-
renoviert	adj	-	装修过的	-
möbliert	adj	-	带家具的	-
teilmöbliert	adj	-	部分带家具的	-
unmöbliert	adj	-	不带家具的	-
bezugsfertig	adj	-	可入住的	-
bezugsfrei	adj	-	空置可随时入住的	-
leerstehend	adj	-	空置的	-
bewohnbar	adj	-	可居住的	-
unbewohnbar	adj	-	不能住人的	-
barrierefrei	adj	-	无障碍的	-
ebenerdig	adj	-	与地面齐平的	-
hellhörig	adj	-	隔音差的	-
zugig	adj	-	漏风的	-
verwinkelt	adj	-	格局曲折的	-
geräumig	adj	-	宽敞的	-
lichtdurchflutet	adj	-	采光充足的	-
verkehrsgünstig	adj	-	交通便利的	-
provisionsfrei	adj	-	免中介费的	-
befristet	adj	-	有期限的	-
unbefristet	adj	-	无固定期限的	-
fristlos	adj	-	即时的（解约）	-
fristgerecht	adj	-	按期的	-
ortsüblich	adj	-	当地通行的	-
zumutbar	adj	-	可合理要求的	-
unzumutbar	adj	-	无法接受的	-
mietfrei	adj	-	免租的	-
anteilig	adj	-	按比例的	-
pauschal	adj	-	一次性包干的；笼统的	-
nachträglich	adj	-	事后的；补的	-
umgehend	adj	-	立即的	-
beheizt	adj	-	有暖气的	-
unbeheizt	adj	-	没暖气的	-
überheizt	adj	-	暖气开太足的	-
zugänglich	adj	-	可进入的	-
abschließbar	adj	-	可上锁的	-
verkalkt	adj	-	结满水垢的	-
fleckig	adj	-	有污渍的	-
verschmutzt	adj	-	弄脏了的	-
verstaubt	adj	-	落满灰的	-
schmierig	adj	-	油腻腻的	-
klebrig	adj	-	黏糊糊的	-
fettig	adj	-	油腻的	-
muffig	adj	-	有霉味的；憋闷的	-
stickig	adj	-	闷（不通风）	-
modrig	adj	-	霉烂味的	-
angebrannt	adj	-	烧糊了的	-
streifenfrei	adj	-	无水痕的	-
blitzblank	adj	-	锃亮的	-
pflegeleicht	adj	-	好打理的	-
strapazierfähig	adj	-	耐用的	-
abwaschbar	adj	-	可擦洗的	-
spülmaschinenfest	adj	-	可放洗碗机的	-
bügelfrei	adj	-	免熨的	-
rutschfest	adj	-	防滑的	-
feuerfest	adj	-	耐火的	-
wasserdicht	adj	-	防水的	-
schalldicht	adj	-	隔音的	-
energiesparend	adj	-	节能的	-
verbrauchsarm	adj	-	低能耗的	-
wartungsarm	adj	-	少维护的	-
platzsparend	adj	-	省空间的	-
klappbar	adj	-	可折叠的	-
ausziehbar	adj	-	可拉伸的	-
höhenverstellbar	adj	-	可调高度的	-
stapelbar	adj	-	可叠放的	-
freistehend	adj	-	独立式的	-
eingebaut	adj	-	嵌入式的	-
maßgefertigt	adj	-	定制的	-
rostfrei	adj	-	不锈的	-
sperrig	adj	-	笨重占地方的	-
handlich	adj	-	小巧顺手的	-
wohnlich	adj	-	温馨宜居的	-
behaglich	adj	-	舒适惬意的	-
zweckmäßig	adj	-	实用的	-
spartanisch	adj	-	简陋的	-
vollgestellt	adj	-	堆满东西的	-
zugestellt	adj	-	被堵住的（通道）	-
vollgestopft	adj	-	塞满的	-
unaufgeräumt	adj	-	乱糟糟的	-
penibel	adj	-	一丝不苟的	-
reinlich	adj	-	爱干净的	-
schlampig	adj	-	邋遢的	-
keimfrei	adj	-	无菌的	-
geruchlos	adj	-	无味的	-
schadstofffrei	adj	-	无有害物质的	-
abbaubar	adj	-	可降解的	-
kompostierbar	adj	-	可堆肥的	-
recycelbar	adj	-	可回收的	-
wiederverwendbar	adj	-	可重复使用的	-
sortenrein	adj	-	按类别分拣干净的	-
sachgerecht	adj	-	妥当的（处理）	-
ordnungsgemäß	adj	-	按规定的	-
fachgerecht	adj	-	符合专业规范的	-
vorschriftsmäßig	adj	-	符合规定的	-
mangelhaft	adj	-	有缺陷的	-
einwandfrei	adj	-	完好无损的	-
funktionstüchtig	adj	-	功能正常的	-
betriebsbereit	adj	-	可以投入使用的	-
verzogen	adj	-	变形的	-
morsch	adj	-	腐朽的	-
brüchig	adj	-	易碎的；发脆的	-
rissig	adj	-	有裂纹的	-
porös	adj	-	多孔的；老化发脆的	-
rutschig	adj	-	滑的	-
glitschig	adj	-	滑溜溜的	-
rücksichtslos	adj	-	不顾他人的	-
rücksichtsvoll	adj	-	体谅他人的	-
lärmempfindlich	adj	-	对噪音敏感的	-
aufdringlich	adj	-	纠缠不休的	-
hilfsbereit	adj	-	乐于助人的	-
zerstritten	adj	-	闹翻了的	-
nachbarschaftlich	adj	-	邻里间的	-
zeitnah	adv	-	尽快	-
vorab	adv	-	事先	-
