Überweisung	noun	f	转诊单	-
Krankschreibung	noun	f	病假条	-
Arbeitsunfähigkeitsbescheinigung	noun	f	病假证明	-
Krankmeldung	noun	f	请病假；病假通知	-
Krankengeld	noun	n	病假津贴	-
Lohnfortzahlung	noun	f	病假期间工资照发	-
Hausarzt	noun	m	家庭医生	-
Facharzt	noun	m	专科医生	-
Sprechstunde	noun	f	门诊时间	-
Wartezimmer	noun	n	候诊室	-
Hausbesuch	noun	m	出诊	-
Notaufnahme	noun	f	急诊室	-
Notdienst	noun	m	急诊值班	-
Rettungswagen	noun	m	救护车	-
Krankenkasse	noun	f	医保公司	-
Versichertenkarte	noun	f	医保卡	-
Familienversicherung	noun	f	家庭联保	-
Privatversicherung	noun	f	私人医保	-
Zuzahlung	noun	f	自付部分	-
Eigenanteil	noun	m	自费份额	-
Zusatzbeitrag	noun	m	附加保费	-
Kostenübernahme	noun	f	费用承担	-
Erstattung	noun	f	报销；退款	-
Gesundheitswesen	noun	n	医疗体系	-
Privatrezept	noun	n	私人处方	-
Attest	noun	n	医生证明	-
Befund	noun	m	检查结果	-
Anamnese	noun	f	病史	-
Zweitmeinung	noun	f	第二诊疗意见	-
Einwilligung	noun	f	同意；知情同意	-
Aufklärung	noun	f	告知说明；启蒙	-
Vorsorgeuntersuchung	noun	f	预防性体检	-
Früherkennung	noun	f	早期筛查	-
Impfung	noun	f	疫苗接种	-
Impfpass	noun	m	疫苗接种本	-
Auffrischung	noun	f	加强针	-
Blutabnahme	noun	f	抽血	-
Blutbild	noun	n	血常规	-
Blutdruck	noun	m	血压	-
Blutzucker	noun	m	血糖	-
Ultraschall	noun	m	B超	-
Röntgenaufnahme	noun	f	X光片	-
Narkose	noun	f	全身麻醉	-
Eingriff	noun	m	手术；干预	-
Nachsorge	noun	f	术后护理；复诊	-
Kur	noun	f	疗养	-
Physiotherapie	noun	f	物理治疗	-
Krankengymnastik	noun	f	康复体操	-
Heilpraktiker	noun	m	自然疗法师	-
Intensivstation	noun	f	重症监护室	-
Schwangerschaft	noun	f	怀孕	-
Zahnreinigung	noun	f	洗牙	-
Wurzelbehandlung	noun	f	根管治疗	-
Zahnfleisch	noun	n	牙龈	-
Karies	noun	f	龋齿	-
Kurzsichtigkeit	noun	f	近视	-
Kontaktlinse	noun	f	隐形眼镜	-
Arbeitsunfall	noun	m	工伤	-
Wiedereingliederung	noun	f	逐步复工	-
Ausschlag	noun	m	皮疹	-
Juckreiz	noun	m	瘙痒	-
Pickel	noun	m	痘痘	-
Muttermal	noun	n	痣	-
Blase	noun	f	水泡；膀胱	-
Schürfwunde	noun	f	擦伤	-
Schnittwunde	noun	f	割伤	-
Prellung	noun	f	挫伤	-
Verstauchung	noun	f	扭伤	-
Zerrung	noun	f	拉伤	-
Bänderriss	noun	m	韧带撕裂	-
Knochenbruch	noun	m	骨折	-
Gehirnerschütterung	noun	f	脑震荡	-
Gips	noun	m	石膏	-
Schiene	noun	f	夹板	-
Krücke	noun	f	拐杖	-
Verband	noun	m	绷带；包扎	-
Pflaster	noun	n	创可贴	-
Verbandskasten	noun	m	急救箱	-
Narbe	noun	f	疤痕	-
Blutung	noun	f	出血	-
Bluterguss	noun	m	淤青	-
Schwellung	noun	f	肿胀	-
Entzündung	noun	f	炎症	-
Infekt	noun	m	感染（尤指感冒）	-
Erreger	noun	m	病原体	-
Ansteckung	noun	f	传染	-
Inkubationszeit	noun	f	潜伏期	-
Immunsystem	noun	n	免疫系统	-
Abwehrkräfte	noun	pl	抵抗力	-
Schnupfen	noun	m	流鼻涕；鼻炎	-
Reizhusten	noun	m	干咳	-
Heiserkeit	noun	f	声音嘶哑	-
Mandelentzündung	noun	f	扁桃体炎	-
Nebenhöhlenentzündung	noun	f	鼻窦炎	-
Lungenentzündung	noun	f	肺炎	-
Magen-Darm-Grippe	noun	f	肠胃炎	-
Durchfall	noun	m	腹泻	-
Verstopfung	noun	f	便秘；堵塞	-
Übelkeit	noun	f	恶心	-
Erbrechen	noun	n	呕吐	-
Sodbrennen	noun	n	烧心	-
Blähungen	noun	pl	胀气	-
Schluckauf	noun	m	打嗝	-
Krampf	noun	m	痉挛；抽筋	-
Wadenkrampf	noun	m	小腿抽筋	-
Schwindel	noun	m	头晕；骗局	-
Kreislauf	noun	m	血液循环	-
Kreislaufprobleme	noun	pl	头晕乏力（循环问题）	-
Ohnmacht	noun	f	昏厥	-
Schüttelfrost	noun	m	寒战	-
Gliederschmerzen	noun	pl	四肢酸痛	-
Migräne	noun	f	偏头痛	-
Verspannung	noun	f	肌肉僵硬	-
Hexenschuss	noun	m	急性腰痛	-
Bandscheibenvorfall	noun	m	椎间盘突出	-
Sehnenscheidenentzündung	noun	f	腱鞘炎	-
Heuschnupfen	noun	m	花粉症	-
Unverträglichkeit	noun	f	不耐受	-
Laktoseintoleranz	noun	f	乳糖不耐受	-
Bluthochdruck	noun	m	高血压	-
Schlaganfall	noun	m	中风	-
Herzrasen	noun	n	心跳过速	-
Atemnot	noun	f	呼吸困难	-
Vorerkrankung	noun	f	既往病史	-
Beschwerden	noun	pl	不适症状	-
Krankheitsbild	noun	n	病症表现	-
Verlauf	noun	m	病程；过程	-
Rückfall	noun	m	复发	-
Genesung	noun	f	康复	-
Heilung	noun	f	治愈	-
Linderung	noun	f	缓解	-
Zecke	noun	f	蜱虫	-
Zeckenbiss	noun	m	蜱虫叮咬	-
Insektenstich	noun	m	虫咬	-
Sonnenbrand	noun	m	晒伤	-
Sonnenstich	noun	m	日射病（中暑）	-
Hitzschlag	noun	m	热射病（中暑）	-
Verbrühung	noun	f	烫伤	-
Lebensmittelvergiftung	noun	f	食物中毒	-
Nebenwirkung	noun	f	副作用	-
Wechselwirkung	noun	f	药物相互作用	-
Beipackzettel	noun	m	药品说明书	-
Packungsbeilage	noun	f	药品说明书	-
Dosierung	noun	f	剂量	-
Wirkstoff	noun	m	有效成分	-
Zäpfchen	noun	n	栓剂	-
Salbe	noun	f	药膏	-
Nasenspray	noun	n	鼻喷剂	-
Hustensaft	noun	m	止咳糖浆	-
Schmerzmittel	noun	n	止痛药	-
Antibiotikum	noun	n	抗生素	-
Beruhigungsmittel	noun	n	镇静剂	-
Schlaftablette	noun	f	安眠药	-
Antidepressivum	noun	n	抗抑郁药	-
Notapotheke	noun	f	值班药店	-
Verfallsdatum	noun	n	有效期	-
Hausmittel	noun	n	土方子；家庭疗法	-
Wärmflasche	noun	f	热水袋	-
Kühlkompresse	noun	f	冷敷袋	-
Gelenk	noun	n	关节	-
Sehne	noun	f	肌腱	-
Knorpel	noun	m	软骨	-
Wirbelsäule	noun	f	脊柱	-
Bandscheibe	noun	f	椎间盘	-
Schlüsselbein	noun	n	锁骨	-
Wade	noun	f	小腿肚	-
Schienbein	noun	n	胫骨	-
Knöchel	noun	m	脚踝；指关节	-
Handgelenk	noun	n	手腕	-
Ellbogen	noun	m	手肘	-
Nacken	noun	m	后颈	-
Kiefer	noun	m	颌骨	-
Schilddrüse	noun	f	甲状腺	-
Blinddarm	noun	m	阑尾	-
Muskulatur	noun	f	肌肉组织	-
Stoffwechsel	noun	m	新陈代谢	-
Puls	noun	m	脉搏	-
Atmung	noun	f	呼吸	-
Körperhaltung	noun	f	体态	-
Ausdauer	noun	f	耐力	-
Kondition	noun	f	体能	-
Beweglichkeit	noun	f	柔韧性；灵活性	-
Gleichgewicht	noun	n	平衡	-
Leistungsfähigkeit	noun	f	体能；工作能力	-
Fitnessstudio	noun	n	健身房	-
Krafttraining	noun	n	力量训练	-
Ausdauertraining	noun	n	耐力训练	-
Intervalltraining	noun	n	间歇训练	-
Trainingseinheit	noun	f	一节训练	-
Trainingsplan	noun	m	训练计划	-
Dehnübung	noun	f	拉伸动作	-
Muskelkater	noun	m	肌肉酸痛	-
Wiederholung	noun	f	重复次数；复习	-
Liegestütz	noun	m	俯卧撑	-
Kniebeuge	noun	f	深蹲	-
Klimmzug	noun	m	引体向上	-
Belastung	noun	f	负荷；负担	-
Überlastung	noun	f	过度负荷	-
Sportverletzung	noun	f	运动损伤	-
Seitenstechen	noun	n	岔气	-
Herzfrequenz	noun	f	心率	-
Kalorienverbrauch	noun	m	热量消耗	-
Bewegungsmangel	noun	m	缺乏运动	-
Ausgleichssport	noun	m	调剂身心的运动	-
Regeneration	noun	f	恢复	-
Ernährung	noun	f	饮食；营养	-
Nährstoff	noun	m	营养素	-
Eiweiß	noun	n	蛋白质；蛋清	-
Ballaststoff	noun	m	膳食纤维	-
Nahrungsergänzungsmittel	noun	n	营养补充剂	-
Mangelerscheinung	noun	f	缺乏症	-
Eisenmangel	noun	m	缺铁	-
Übergewicht	noun	n	超重	-
Fettleibigkeit	noun	f	肥胖症	-
Grundumsatz	noun	m	基础代谢	-
Heißhunger	noun	m	嘴馋；暴食冲动	-
Völlegefühl	noun	n	饱胀感	-
Intervallfasten	noun	n	间歇性断食	-
Zusatzstoff	noun	m	添加剂	-
Fertiggericht	noun	n	速食；预制菜	-
Vollkorn	noun	n	全麦	-
Nährwert	noun	m	营养价值	-
Zwischenmahlzeit	noun	f	加餐	-
Verdauung	noun	f	消化	-
Essstörung	noun	f	饮食失调	-
Magersucht	noun	f	厌食症	-
Flüssigkeitszufuhr	noun	f	补水量	-
Alkoholkonsum	noun	m	饮酒量	-
Kater	noun	m	宿醉；公猫	-
Rausch	noun	m	醉酒；陶醉	-
Sucht	noun	f	瘾	-
Abhängigkeit	noun	f	依赖	-
Entzug	noun	m	戒断	-
Rauchentwöhnung	noun	f	戒烟	-
Stimmungsschwankung	noun	f	情绪波动	-
Gemütszustand	noun	m	心境	-
Wohlbefinden	noun	n	身心舒适	-
Laune	noun	f	心情	-
Frust	noun	m	挫败感	-
Zorn	noun	m	怒火	-
Kränkung	noun	f	感情伤害；侮辱	-
Eifersucht	noun	f	吃醋；嫉妒	-
Neid	noun	m	羡慕嫉妒	-
Scham	noun	f	羞耻	-
Schuldgefühl	noun	n	内疚感	-
Reue	noun	f	悔恨	-
Sehnsucht	noun	f	渴望；思念	-
Trauer	noun	f	悲伤；哀悼	-
Verzweiflung	noun	f	绝望	-
Hoffnungslosigkeit	noun	f	无望感	-
Erleichterung	noun	f	如释重负	-
Zufriedenheit	noun	f	满足感	-
Gelassenheit	noun	f	从容淡定	-
Zuversicht	noun	f	信心	-
Selbstwertgefühl	noun	n	自我价值感	-
Selbstbewusstsein	noun	n	自信	-
Selbstzweifel	noun	m	自我怀疑	-
Unsicherheit	noun	f	不安；不确定	-
Angststörung	noun	f	焦虑症	-
Panikattacke	noun	f	惊恐发作	-
Depression	noun	f	抑郁症	-
Niedergeschlagenheit	noun	f	消沉	-
Antriebslosigkeit	noun	f	缺乏动力	-
Lustlosigkeit	noun	f	提不起劲	-
Burnout	noun	n	职业倦怠	-
Erschöpfung	noun	f	精疲力竭	-
Überforderung	noun	f	不堪重负	-
Leistungsdruck	noun	m	业绩压力	-
Zeitdruck	noun	m	时间压力	-
Anspannung	noun	f	紧张	-
Entspannung	noun	f	放松	-
Achtsamkeit	noun	f	正念	-
Psychotherapie	noun	f	心理治疗	-
Psychotherapeut	noun	m	心理治疗师	-
Therapieplatz	noun	m	心理治疗名额	-
Sitzung	noun	f	（一次）疗程；会议	-
Verhaltenstherapie	noun	f	行为疗法	-
Bewältigung	noun	f	应对；克服	-
Resilienz	noun	f	心理韧性	-
Nervenzusammenbruch	noun	m	精神崩溃	-
Reizbarkeit	noun	f	易怒	-
Konzentrationsschwäche	noun	f	注意力不集中	-
Vergesslichkeit	noun	f	健忘	-
Unruhe	noun	f	不安；骚动	-
Nervosität	noun	f	紧张不安	-
Lampenfieber	noun	n	怯场	-
Hemmung	noun	f	顾虑；抑制	-
Work-Life-Balance	noun	f	工作生活平衡	-
Auszeit	noun	f	暂停休整	-
Erholung	noun	f	休养	-
Schlafstörung	noun	f	睡眠障碍	-
Schlaflosigkeit	noun	f	失眠	-
Einschlafprobleme	noun	pl	入睡困难	-
Schlafmangel	noun	m	睡眠不足	-
Mittagsschlaf	noun	m	午睡	-
Nickerchen	noun	n	小睡	-
Tagesmüdigkeit	noun	f	白天犯困	-
Schlafrhythmus	noun	m	作息规律	-
Biorhythmus	noun	m	生物钟	-
Jetlag	noun	m	时差反应	-
Schichtarbeit	noun	f	轮班工作	-
verschreiben	verb	-	开（药方）	-
überweisen	verb	-	转诊；转账	-
krankschreiben	verb	-	开病假条	-
krankmelden	verb	-	请病假	sich ~
abhören	verb	-	听诊；窃听	-
abtasten	verb	-	触诊；摸索	-
röntgen	verb	-	拍X光	-
impfen	verb	-	接种疫苗	-
spritzen	verb	-	打针；喷溅	-
betäuben	verb	-	麻醉	-
operieren	verb	-	做手术	-
nähen	verb	-	缝合；缝	-
eingipsen	verb	-	打石膏	-
einnehmen	verb	-	服用（药）	-
verabreichen	verb	-	给药	-
dosieren	verb	-	定剂量	-
absetzen	verb	-	停药；放下	-
anschlagen	verb	-	（药）见效	-
lindern	verb	-	缓解	-
heilen	verb	-	治愈	-
abheilen	verb	-	（伤口）愈合	-
ausheilen	verb	-	彻底痊愈	-
auskurieren	verb	-	彻底养好（病）	-
erholen	verb	-	恢复；休养	sich ~
genesen	verb	-	康复	-
schonen	verb	-	静养	sich ~
anstecken	verb	-	被传染	sich ~
übertragen	verb	-	传播；转移	-
infizieren	verb	-	感染	sich ~
entzünden	verb	-	发炎	sich ~
anschwellen	verb	-	肿起来	-
jucken	verb	-	发痒	-
stechen	verb	-	刺痛；叮	-
pochen	verb	-	一跳一跳地疼	-
schmerzen	verb	-	疼痛	-
eitern	verb	-	化脓	-
niesen	verb	-	打喷嚏	-
schwitzen	verb	-	出汗	-
zittern	verb	-	发抖	-
kollabieren	verb	-	虚脱；崩溃	-
verstauchen	verb	-	扭伤	sich (Dat.) ~
zerren	verb	-	拉伤（肌肉）	sich (Dat.) ~
verrenken	verb	-	扭伤脱位	sich (Dat.) ~
umknicken	verb	-	崴脚	-
erkälten	verb	-	着凉感冒	sich ~
kratzen	verb	-	挠；抓	-
humpeln	verb	-	一瘸一拐	-
ausrutschen	verb	-	滑倒	-
stolpern	verb	-	绊倒	-
nachlassen	verb	-	减轻；减退	-
abklingen	verb	-	（症状）消退	-
verschlimmern	verb	-	恶化	sich ~
verschlechtern	verb	-	变差	sich ~
bessern	verb	-	好转	sich ~
auftreten	verb	-	（症状）出现	-
überstehen	verb	-	挺过	-
aushalten	verb	-	忍住；受得了	-
diagnostizieren	verb	-	诊断	-
aufklären	verb	-	告知；说明	-
einwilligen	verb	-	同意	~ in + Akk.
vorbeugen	verb	-	预防	~ + Dat.
stärken	verb	-	增强	-
abhärten	verb	-	锻炼体质	-
zunehmen	verb	-	长胖；增加	-
ernähren	verb	-	饮食；以…为食	sich ~
verdauen	verb	-	消化	-
verzichten	verb	-	放弃；戒掉	~ auf + Akk.
naschen	verb	-	吃零嘴	-
fasten	verb	-	断食	-
schlucken	verb	-	吞咽	-
kauen	verb	-	咀嚼	-
einatmen	verb	-	吸气	-
ausatmen	verb	-	呼气	-
aufwärmen	verb	-	热身	sich ~
dehnen	verb	-	拉伸	-
auspowern	verb	-	尽情消耗体力	sich ~
überanstrengen	verb	-	用力过度	sich ~
durchhalten	verb	-	坚持下去	-
durchschlafen	verb	-	一觉到天亮	-
ausschlafen	verb	-	睡够	-
verschlafen	verb	-	睡过头	-
schnarchen	verb	-	打鼾	-
dösen	verb	-	打盹	-
gähnen	verb	-	打哈欠	-
hinlegen	verb	-	躺下	sich ~
entspannen	verb	-	放松	sich ~
runterkommen	verb	-	平静下来	-
meditieren	verb	-	冥想	-
grübeln	verb	-	钻牛角尖；苦思	-
aufregen	verb	-	激动；生气	sich ~
ausrasten	verb	-	暴怒	-
schämen	verb	-	羞愧	sich ~
beneiden	verb	-	羡慕	-
kränken	verb	-	伤…的心	-
bedrücken	verb	-	使压抑	-
belasten	verb	-	给…带来负担	-
überfordern	verb	-	使不堪重负	-
zusammenbrechen	verb	-	崩溃；倒下	-
verkraften	verb	-	承受住	-
bewältigen	verb	-	应对；克服	-
verdrängen	verb	-	压抑（情绪）；排挤	-
trösten	verb	-	安慰	-
zusammenreißen	verb	-	振作起来	sich ~
aufraffen	verb	-	打起精神	sich ~
überwinden	verb	-	强迫自己	sich ~
jammern	verb	-	发牢骚	-
klagen	verb	-	诉苦	~ über + Akk.
schluchzen	verb	-	抽泣	-
erröten	verb	-	脸红	-
abgewöhnen	verb	-	戒掉（习惯）	sich (Dat.) ~
angewöhnen	verb	-	养成（习惯）	sich (Dat.) ~
erstatten	verb	-	报销；退还	-
zuzahlen	verb	-	补交；自付	-
beantragen	verb	-	申请	-
genehmigen	verb	-	批准	-
spenden	verb	-	捐献	-
pflegen	verb	-	护理；保养	-
betreuen	verb	-	照顾	-
erschöpft	adj	-	精疲力竭	-
gereizt	adj	-	烦躁	-
ausgelaugt	adj	-	身心俱疲	-
ausgebrannt	adj	-	心力交瘁	-
antriebslos	adj	-	没动力	-
lustlos	adj	-	提不起劲	-
niedergeschlagen	adj	-	消沉	-
bedrückt	adj	-	心情压抑	-
deprimiert	adj	-	沮丧	-
betrübt	adj	-	忧伤	-
verzweifelt	adj	-	绝望	-
frustriert	adj	-	受挫；郁闷	-
genervt	adj	-	心烦	-
angespannt	adj	-	紧绷	-
verspannt	adj	-	（肌肉）僵硬	-
unruhig	adj	-	不安	-
ängstlich	adj	-	胆小；焦虑	-
verunsichert	adj	-	心里没底	-
gelassen	adj	-	从容淡定	-
ausgeglichen	adj	-	心态平和	-
entspannt	adj	-	放松	-
erleichtert	adj	-	松了口气	-
überfordert	adj	-	力不从心	-
gestresst	adj	-	压力大	-
belastbar	adj	-	抗压	-
empfindlich	adj	-	敏感；娇气	-
reizbar	adj	-	易怒	-
launisch	adj	-	喜怒无常	-
neidisch	adj	-	眼红的	-
beschämt	adj	-	羞愧	-
aufgewühlt	adj	-	心绪难平	-
fassungslos	adj	-	震惊得说不出话	-
betroffen	adj	-	受影响的；难过	-
gerührt	adj	-	感动	-
gekränkt	adj	-	受伤（感情上）	-
beleidigt	adj	-	生气（觉得被冒犯）	-
nachtragend	adj	-	记仇	-
ausgelassen	adj	-	兴高采烈	-
euphorisch	adj	-	亢奋	-
motiviert	adj	-	有干劲	-
zuversichtlich	adj	-	有信心	-
hektisch	adj	-	忙乱	-
überreizt	adj	-	神经过度紧张	-
psychisch	adj	-	心理的	-
seelisch	adj	-	精神上的	-
körperlich	adj	-	身体的	-
psychosomatisch	adj	-	心身性的	-
depressiv	adj	-	抑郁的	-
schwindlig	adj	-	头晕	-
benommen	adj	-	头昏脑涨	-
schlapp	adj	-	没劲	-
kraftlos	adj	-	无力	-
abgeschlagen	adj	-	疲惫不堪	-
schläfrig	adj	-	昏昏欲睡	-
übermüdet	adj	-	过度疲劳	-
ausgeschlafen	adj	-	睡足了	-
angeschlagen	adj	-	身体欠佳	-
kränklich	adj	-	体弱多病	-
anfällig	adj	-	容易得病	~ für
robust	adj	-	结实；抗造	-
gebrechlich	adj	-	年老体衰	-
rüstig	adj	-	（老人）硬朗	-
bettlägerig	adj	-	卧床不起	-
arbeitsunfähig	adj	-	无法工作	-
krankgeschrieben	adj	-	请着病假	-
pflegebedürftig	adj	-	需要护理	-
chronisch	adj	-	慢性的	-
akut	adj	-	急性的	-
ansteckend	adj	-	传染的	-
entzündet	adj	-	发炎的	-
geschwollen	adj	-	肿的	-
wund	adj	-	磨破的	-
steif	adj	-	僵硬	-
taub	adj	-	麻木；聋	-
heiser	adj	-	嘶哑	-
verschnupft	adj	-	鼻塞；闹情绪	-
fiebrig	adj	-	发烧的	-
kurzatmig	adj	-	气短	-
schmerzhaft	adj	-	疼痛的	-
schmerzfrei	adj	-	不疼	-
stechend	adj	-	刺痛的	-
dumpf	adj	-	隐隐的（钝痛）	-
unerträglich	adj	-	难以忍受	-
harmlos	adj	-	无害；无大碍	-
bedenklich	adj	-	令人担忧	-
lebensbedrohlich	adj	-	危及生命	-
unheilbar	adj	-	无法治愈	-
erblich	adj	-	遗传的	-
stationär	adj	-	住院的	-
ambulant	adj	-	门诊的	-
ärztlich	adj	-	医生的；医疗的	-
gesetzlich	adj	-	法定的（公保）	-
erstattungsfähig	adj	-	可报销	-
verschreibungspflichtig	adj	-	须凭处方	-
rezeptfrei	adj	-	非处方的	-
apothekenpflichtig	adj	-	仅限药店出售	-
vorbeugend	adj	-	预防性的	-
schonend	adj	-	温和的；不伤身	-
bekömmlich	adj	-	好消化	-
unverträglich	adj	-	不耐受的	-
gesundheitsschädlich	adj	-	有害健康	-
nahrhaft	adj	-	有营养	-
ausgewogen	adj	-	均衡	-
vollwertig	adj	-	营养全面	-
kalorienarm	adj	-	低卡	-
fettarm	adj	-	低脂	-
zuckerfrei	adj	-	无糖	-
laktosefrei	adj	-	无乳糖	-
glutenfrei	adj	-	无麸质	-
vegan	adj	-	纯素的	-
nüchtern	adj	-	空腹；清醒	-
beschwipst	adj	-	微醺	-
verkatert	adj	-	宿醉的	-
süchtig	adj	-	上瘾的	-
durchtrainiert	adj	-	练得很结实	-
muskulös	adj	-	肌肉发达	-
übergewichtig	adj	-	超重的	-
mager	adj	-	瘦；低脂	-
vorsorglich	adv	-	以防万一	-
notfalls	adv	-	必要时	-
zeitweise	adv	-	时不时；暂时	-
schubweise	adv	-	阵发性地	-
