Widerruf	noun	m	撤销（合同）；撤回	-
Widerrufsrecht	noun	n	撤销权；无理由退货权	-
Widerrufsfrist	noun	f	撤销期限；退货期	-
Reklamation	noun	f	投诉；退换要求	-
Umtausch	noun	m	换货	-
Rückgabe	noun	f	退货；归还	-
Rücksendung	noun	f	寄回；退货包裹	-
Retoure	noun	f	退货件；退货	-
Garantie	noun	f	保修；担保	-
Nachbesserung	noun	f	返修；修补	-
Nacherfüllung	noun	f	补正履行（修或换）	-
Minderung	noun	f	（因瑕疵）减价	-
Kassenbon	noun	m	收银小票	-
Quittung	noun	f	收据	-
Beleg	noun	m	凭证；单据	-
Lieferfrist	noun	f	交货期限	-
Lieferverzug	noun	m	延迟交货	-
Versandkosten	noun	pl	运费	-
Porto	noun	n	邮资	-
Nachnahme	noun	f	货到付款	-
Vorkasse	noun	f	预付款；先付后发	-
Ratenzahlung	noun	f	分期付款	-
Anzahlung	noun	f	定金；首付	-
Sonderangebot	noun	n	特价商品	-
Schnäppchen	noun	n	便宜货；划算买卖	-
Preisnachlass	noun	m	降价；折让	-
Skonto	noun	n	早付折扣；现金折扣	-
Ermäßigung	noun	f	减价；优惠	-
Gutschein	noun	m	代金券；礼券	-
Ausverkauf	noun	m	清仓大甩卖	-
Schlussverkauf	noun	m	季末大减价	-
Verbraucherzentrale	noun	f	消费者中心	-
Verbraucherschutz	noun	m	消费者保护	-
Kundendienst	noun	m	客服；售后服务	-
Kulanz	noun	f	（商家）通融；善意补偿	-
Beschwerde	noun	f	投诉	-
Schlichtungsstelle	noun	f	调解机构	-
Lockangebot	noun	n	诱饵报价	-
Abzocke	noun	f	坑钱；宰客	-
Kostenfalle	noun	f	消费陷阱	-
Kleingedruckte	noun	n	小字条款	-
AGB	noun	pl	一般交易条款	-
Sendungsverfolgung	noun	f	物流跟踪	-
Packstation	noun	f	自助包裹柜	-
Zustellung	noun	f	投递；送达	-
Mindestbestellwert	noun	m	最低订购额	-
Vergleichsportal	noun	n	比价网站	-
Discounter	noun	m	折扣超市	-
Wucher	noun	m	高利贷；漫天要价	-
Mehrwertsteuer	noun	f	增值税	-
Grundpreis	noun	m	单位价格；基础价	-
Aufpreis	noun	m	加价；差价	-
Zuschlag	noun	m	附加费	-
Gebühr	noun	f	费用；手续费	-
Pauschale	noun	f	固定费用；包干费	-
Listenpreis	noun	m	标价；目录价	-
UVP	noun	f	厂商建议零售价	-
Teuerung	noun	f	物价上涨	-
Kaufkraft	noun	f	购买力	-
Preis-Leistungs-Verhältnis	noun	n	性价比	-
Mengenrabatt	noun	m	批量折扣	-
Zugabe	noun	f	赠品	-
Wertminderung	noun	f	贬值；价值减损	-
Kleinanzeige	noun	f	分类广告	-
Ladenhüter	noun	m	滞销品	-
Mangelware	noun	f	紧俏货	-
Ramsch	noun	m	廉价货；破烂	-
Mogelpackung	noun	f	缩水包装；虚假包装	-
Shrinkflation	noun	f	缩水式涨价	-
Impulskauf	noun	m	冲动消费	-
Fernabsatzvertrag	noun	m	远程销售合同	-
Haustürgeschäft	noun	n	上门推销交易	-
Beweislast	noun	f	举证责任	-
Beweislastumkehr	noun	f	举证责任倒置	-
Verjährung	noun	f	诉讼时效届满	-
Schadensersatz	noun	m	损害赔偿	-
Rücktritt	noun	m	解除合同；退出	-
Anspruch	noun	m	权利；索赔权	-
Produktrückruf	noun	m	产品召回	-
Lebenshaltungskosten	noun	pl	生活开支	-
Rückerstattung	noun	f	退款；返还	-
Gutschrift	noun	f	入账；退款到账	-
Zahlungsfrist	noun	f	付款期限	-
Zahlungsziel	noun	n	账期	-
Fälligkeit	noun	f	到期	-
Mahnung	noun	f	催款单	-
Mahngebühr	noun	f	催款费	-
Verzugszinsen	noun	pl	滞纳利息	-
Zahlungsverzug	noun	m	逾期付款	-
Inkasso	noun	n	催收；讨债	-
Mahnbescheid	noun	m	法院支付令	-
Vollstreckung	noun	f	强制执行	-
Gerichtsvollzieher	noun	m	法院执行员	-
Pfändung	noun	f	查封；扣押	-
Schuldner	noun	m	债务人	-
Gläubiger	noun	m	债权人	-
Privatinsolvenz	noun	f	个人破产	-
Forderung	noun	f	债权；要求	-
Rückstand	noun	m	欠款；拖欠	-
Restbetrag	noun	m	余额；尾款	-
Abrechnung	noun	f	结算；账单	-
Monatsrate	noun	f	月供	-
Verwendungszweck	noun	m	转账附言；付款用途	-
Abonnement	noun	n	订阅；订购	-
Probeabo	noun	n	试用订阅	-
Kündigung	noun	f	解约；解除合同	-
Laufzeit	noun	f	合同期；期限	-
Mindestlaufzeit	noun	f	最短合同期	-
Vertragsverlängerung	noun	f	续约	-
Klausel	noun	f	条款	-
Vertragsbruch	noun	m	违约	-
Vertragsstrafe	noun	f	违约金	-
Vollmacht	noun	f	授权书；委托	-
Anbieter	noun	m	服务商；供应商	-
Tarif	noun	m	资费套餐；费率	-
Grundgebühr	noun	f	月租；基本费	-
Datenvolumen	noun	n	流量	-
Grundversorgung	noun	f	基础供电（默认电价）	-
Einschreiben	noun	n	挂号信	-
Rückschein	noun	m	回执	-
Widerspruch	noun	m	异议；反对	-
Stornierung	noun	f	取消（订单）	-
Bearbeitungsgebühr	noun	f	手续费；处理费	-
Girokonto	noun	n	活期账户	-
Tagesgeldkonto	noun	n	活期储蓄账户	-
Festgeld	noun	n	定期存款	-
Kontoauszug	noun	m	银行对账单	-
Kontostand	noun	m	账户余额	-
Dispo	noun	m	透支额度	-
Überziehung	noun	f	透支	-
Kontoführungsgebühr	noun	f	账户管理费	-
Dauerauftrag	noun	m	定期自动转账	-
Lastschriftmandat	noun	n	扣款授权书	-
Einzugsermächtigung	noun	f	扣款授权	-
Abbuchung	noun	f	扣款；划账	-
Bankverbindung	noun	f	银行账户信息	-
Girocard	noun	f	借记卡（德国）	-
Kredit	noun	m	贷款；信贷	-
Kreditrahmen	noun	m	信用额度	-
Darlehen	noun	n	贷款；借款	-
Baufinanzierung	noun	f	购房贷款	-
Tilgung	noun	f	还本；偿还	-
Sondertilgung	noun	f	提前额外还款	-
Vorfälligkeitsentschädigung	noun	f	提前还贷违约金	-
Zinsbindung	noun	f	利率锁定期	-
Zinssatz	noun	m	利率	-
Effektivzins	noun	m	实际年利率	-
Zinseszins	noun	m	复利	-
Bonität	noun	f	信用；偿付能力	-
Bürgschaft	noun	f	担保	-
Pfändungsschutzkonto	noun	n	扣押保护账户	-
Wechselgeld	noun	n	找零	-
Kartensperre	noun	f	锁卡；挂失	-
Haushaltsbuch	noun	n	记账本	-
Rücklage	noun	f	储备金	-
Notgroschen	noun	m	应急钱	-
Ersparnisse	noun	pl	积蓄	-
Geldanlage	noun	f	投资；理财	-
Rendite	noun	f	收益率	-
Dividende	noun	f	股息；分红	-
Fonds	noun	m	基金	-
ETF	noun	m	交易所交易基金	-
Sparplan	noun	m	定投计划	-
Depot	noun	n	证券账户	-
Anleihe	noun	f	债券	-
Altersvorsorge	noun	f	养老储备	-
Riester-Rente	noun	f	里斯特养老金	-
Betriebsrente	noun	f	企业年金	-
Rentenlücke	noun	f	养老金缺口	-
Schenkung	noun	f	赠与	-
Nettoeinkommen	noun	n	税后收入	-
Bruttoeinkommen	noun	n	税前收入	-
Sonderzahlung	noun	f	额外奖金	-
Fixkosten	noun	pl	固定开支	-
Eigenkapital	noun	n	自有资金；首付	-
Abgeltungsteuer	noun	f	资本利得税	-
Freistellungsauftrag	noun	m	免税额度委托	-
Sparerpauschbetrag	noun	m	储蓄免税额	-
Zusatzversicherung	noun	f	补充保险	-
Berufsunfähigkeitsversicherung	noun	f	职业失能险	-
Risikolebensversicherung	noun	f	定期寿险	-
Rechtsschutzversicherung	noun	f	法律费用险	-
Kfz-Versicherung	noun	f	车险	-
Vollkasko	noun	f	（车）全险	-
Teilkasko	noun	f	（车）部分险	-
Reiserücktrittsversicherung	noun	f	旅行取消险	-
Versicherungsnehmer	noun	m	投保人	-
Versicherer	noun	m	保险公司	-
Police	noun	f	保单	-
Prämie	noun	f	保费；奖金	-
Selbstbeteiligung	noun	f	免赔额；自付额	-
Selbstbehalt	noun	m	自付额	-
Versicherungsschutz	noun	m	保险保障	-
Schadensmeldung	noun	f	报案；出险报告	-
Gutachter	noun	m	鉴定人；定损员	-
Leistung	noun	f	（保险）赔付；给付	-
Leistungsausschluss	noun	m	除外责任	-
Wartezeit	noun	f	（保险）等待期	-
Beitrag	noun	m	缴费；保费	-
Schadenfreiheitsrabatt	noun	m	无赔款优待	-
Zeitwert	noun	m	现值；折旧价	-
Steuererklärung	noun	f	报税；纳税申报	-
Lohnsteuer	noun	f	工资税	-
Steuerklasse	noun	f	税级	-
Steueridentifikationsnummer	noun	f	税号（个人终身）	-
Steuernummer	noun	f	税号（税务局编）	-
Finanzamt	noun	n	税务局	-
Steuerbescheid	noun	m	税单；纳税通知书	-
Einspruch	noun	m	异议；申诉	-
Werbungskosten	noun	pl	职业开支（可抵税）	-
Sonderausgaben	noun	pl	特殊支出（可抵税）	-
Pendlerpauschale	noun	f	通勤抵税额	-
Arbeitnehmerpauschbetrag	noun	m	雇员一次性扣除额	-
Freibetrag	noun	m	免税额	-
Steuerberater	noun	m	税务顾问	-
Lohnsteuerhilfeverein	noun	m	报税互助协会	-
Veranlagung	noun	f	税务核定	-
Ehegattensplitting	noun	n	夫妻分摊计税	-
Solidaritätszuschlag	noun	m	团结附加税	-
Kirchensteuer	noun	f	教会税	-
Steuerlast	noun	f	税负	-
Steuerhinterziehung	noun	f	逃税	-
Handwerkerleistung	noun	f	手工服务费（可抵税）	-
Lohnsteuerbescheinigung	noun	f	工资税证明	-
Vorauszahlung	noun	f	预缴；预付	-
Steuerpflicht	noun	f	纳税义务	-
Einkünfte	noun	pl	所得；收入	-
reklamieren	verb	-	投诉；要求退换	-
umtauschen	verb	-	换货	-
zurückgeben	verb	-	退还；退货	-
zurücksenden	verb	-	寄回；退货	-
retournieren	verb	-	退货	-
widerrufen	verb	-	撤销（合同）；撤回	-
stornieren	verb	-	取消（订单）	-
abbestellen	verb	-	退订	-
abonnieren	verb	-	订阅	-
verlängern	verb	-	延长；续约	-
unterzeichnen	verb	-	签署	-
einreichen	verb	-	提交；递交	-
abbuchen	verb	-	扣款；划账	-
abheben	verb	-	取（钱）	-
einzahlen	verb	-	存（钱）	-
ansparen	verb	-	攒下	-
zurücklegen	verb	-	存起来；留着	-
anlegen	verb	-	投资；存放（钱）	-
tilgen	verb	-	偿还	-
abbezahlen	verb	-	还清；分期付清	-
abstottern	verb	-	（口）分期慢慢还	-
finanzieren	verb	-	融资；出钱资助	-
verschulden	verb	-	欠债；负债	sich ~
mahnen	verb	-	催款；提醒	-
anmahnen	verb	-	催告	-
begleichen	verb	-	结清（账单）	-
vorstrecken	verb	-	垫付	-
auslegen	verb	-	垫付	-
aufrunden	verb	-	凑整	-
anfechten	verb	-	对…提出异议	-
pfänden	verb	-	查封；扣押	-
vollstrecken	verb	-	强制执行	-
eintreiben	verb	-	催收（欠款）	-
haften	verb	-	承担责任	~ für + Akk.
absichern	verb	-	为…提供保障	-
regulieren	verb	-	（保险）理赔	-
begutachten	verb	-	鉴定；定损	-
entschädigen	verb	-	赔偿	-
ersetzen	verb	-	赔偿；替换	-
aufkommen	verb	-	承担（费用）	~ für + Akk.
decken	verb	-	覆盖（损失）；承保	-
ausschließen	verb	-	排除（在外）	-
abschreiben	verb	-	折旧；核销	-
anrechnen	verb	-	计入；抵扣	-
versteuern	verb	-	为…纳税	-
veranlagen	verb	-	核定税额	-
hinterziehen	verb	-	逃（税）	-
deklarieren	verb	-	申报	-
angeben	verb	-	填报；申报	-
nachweisen	verb	-	证明；出示证据	-
belegen	verb	-	（用凭证）证明	-
aufbewahren	verb	-	保存；保管	-
gutschreiben	verb	-	记入账户；入账	-
feilschen	verb	-	讨价还价	-
herunterhandeln	verb	-	砍价	-
lohnen	verb	-	值得；划算	sich ~
ergattern	verb	-	抢到（便宜货）	-
leisten	verb	-	负担得起	sich (Dat.) ~
verprassen	verb	-	挥霍	-
verkalkulieren	verb	-	算错；失算	sich ~
aufschlagen	verb	-	加价；涨价	-
senken	verb	-	降低（价格）	-
reduzieren	verb	-	降价；减少	-
herabsetzen	verb	-	降价	-
ermäßigen	verb	-	减价	-
verbilligen	verb	-	使便宜；降价	-
verteuern	verb	-	变贵	sich ~
anheben	verb	-	上调（价格）	-
kalkulieren	verb	-	核算；估算	-
beziffern	verb	-	估算为；定为	-
veranschlagen	verb	-	估计（费用）	-
zustellen	verb	-	投递；送达	-
nachliefern	verb	-	补发	-
ausliefern	verb	-	发货；交付	-
bemängeln	verb	-	指出缺陷；挑毛病	-
monieren	verb	-	指摘；抱怨	-
nachbessern	verb	-	返修；改进	-
beschweren	verb	-	投诉；抱怨	sich ~
einlösen	verb	-	兑现（券）；兑换	-
verfallen	verb	-	失效；过期	-
ablaufen	verb	-	到期	-
freischalten	verb	-	开通；激活	-
sperren	verb	-	冻结；锁（卡）	-
entsperren	verb	-	解锁	-
überziehen	verb	-	透支	-
ausgleichen	verb	-	结清；补平（账户）	-
eröffnen	verb	-	开（账户）	-
auflösen	verb	-	注销（账户）	-
umrechnen	verb	-	换算	-
umschulden	verb	-	转贷；债务重组	-
beleihen	verb	-	抵押借款	-
bürgen	verb	-	担保	~ für + Akk.
verzinsen	verb	-	付息	-
abwerfen	verb	-	带来（收益）	-
rentieren	verb	-	划算；有利可图	sich ~
ausschütten	verb	-	分红；派发	-
streuen	verb	-	分散（投资）	-
vererben	verb	-	遗赠	-
vermachen	verb	-	遗赠	-
anzahlen	verb	-	付定金	-
zurückbuchen	verb	-	退回（扣款）；冲账	-
abmelden	verb	-	注销（登记）	-
vermitteln	verb	-	中介；介绍	-
bewilligen	verb	-	批准（申请）	-
verweigern	verb	-	拒绝	-
berechnen	verb	-	收费；计算	-
verbuchen	verb	-	入账	-
quittieren	verb	-	开收据；签收	-
bescheinigen	verb	-	开证明	-
ausstellen	verb	-	开具（发票）	-
abzocken	verb	-	宰客；坑钱	-
übervorteilen	verb	-	占…便宜	-
andrehen	verb	-	硬塞给（推销）	jdm. etw. ~
horten	verb	-	囤积	-
hamstern	verb	-	囤货	-
stöbern	verb	-	翻找；淘货	-
aushändigen	verb	-	交付；递交	-
aushandeln	verb	-	谈妥；议定	-
nachverhandeln	verb	-	重新谈判	-
verjähren	verb	-	过诉讼时效	-
stunden	verb	-	延期（付款）	-
erlassen	verb	-	免除（债务）	-
aussetzen	verb	-	暂停；中止	-
pausieren	verb	-	暂停（订阅）	-
portieren	verb	-	携号转网	-
auszahlen	verb	-	支付；发放	-
abführen	verb	-	上缴（税款）	-
entrichten	verb	-	缴纳	-
aufschlüsseln	verb	-	逐项列出	-
nachrechnen	verb	-	验算	-
zurückfordern	verb	-	要求退还	-
einfordern	verb	-	催讨；索要	-
beanspruchen	verb	-	要求；主张（权利）	-
entgegenkommen	verb	-	通融；迁就	~ + Dat.
zuschlagen	verb	-	（果断）下手买	-
eindecken	verb	-	囤货；备足	sich ~ mit
haushalten	verb	-	精打细算	-
knausern	verb	-	抠门；吝啬	-
einschränken	verb	-	节衣缩食	sich ~
auskommen	verb	-	够用；维持	~ mit
schwanken	verb	-	波动	-
kündbar	adj	-	可解约的	-
unkündbar	adj	-	不可解约的	-
fällig	adj	-	到期的；应付的	-
überfällig	adj	-	逾期的	-
säumig	adj	-	拖欠的	-
zahlungsunfähig	adj	-	无力支付的	-
zahlungskräftig	adj	-	有支付能力的	-
kreditwürdig	adj	-	信用良好的	-
verschuldet	adj	-	负债的	-
überschuldet	adj	-	资不抵债的	-
solvent	adj	-	有偿付能力的	-
insolvent	adj	-	破产的	-
pleite	adj	-	破产的；没钱了	-
sparsam	adj	-	节俭的；省（电等）	-
geizig	adj	-	吝啬的	-
knauserig	adj	-	抠门的	-
spendabel	adj	-	大方的	-
verschwenderisch	adj	-	挥霍的	-
preiswert	adj	-	物美价廉的	-
kostspielig	adj	-	昂贵的	-
überteuert	adj	-	定价过高的	-
erschwinglich	adj	-	买得起的	-
unerschwinglich	adj	-	贵得买不起的	-
unbezahlbar	adj	-	付不起的；无价的	-
spottbillig	adj	-	便宜得离谱	-
gebührenfrei	adj	-	免手续费的	-
gebührenpflichtig	adj	-	需付费的	-
kostenpflichtig	adj	-	收费的	-
versandkostenfrei	adj	-	免运费的	-
unverbindlich	adj	-	无约束力的	-
verbindlich	adj	-	有约束力的	-
rechtsverbindlich	adj	-	具法律效力的	-
steuerfrei	adj	-	免税的	-
steuerpflichtig	adj	-	应纳税的	-
steuerlich	adj	-	税务上的	-
absetzbar	adj	-	可抵税的	-
abzugsfähig	adj	-	可扣除的	-
fehlerhaft	adj	-	有错误的；有瑕疵的	-
beschädigt	adj	-	损坏的	-
originalverpackt	adj	-	原包装的	-
ungeöffnet	adj	-	未拆封的	-
neuwertig	adj	-	几乎全新的	-
vorrätig	adj	-	有库存的	-
lieferbar	adj	-	有货的	-
vergriffen	adj	-	售罄的；绝版的	-
reduziert	adj	-	已降价的	-
kulant	adj	-	通融的；好说话的	-
seriös	adj	-	正规的；可靠的	-
unseriös	adj	-	不正规的；不靠谱的	-
betrügerisch	adj	-	欺诈的	-
irreführend	adj	-	误导性的	-
versteckt	adj	-	隐藏的（费用）	-
rückwirkend	adj	-	追溯的	-
vierteljährlich	adj	-	每季度的	-
halbjährlich	adj	-	每半年的	-
einmalig	adj	-	一次性的；独一无二的	-
laufend	adj	-	持续的；当前的	-
zinslos	adj	-	无息的	-
variabel	adj	-	浮动的	-
renditestark	adj	-	高收益的	-
riskant	adj	-	有风险的	-
krisensicher	adj	-	抗危机的	-
liquide	adj	-	有现金流的	-
vermögend	adj	-	有钱的	-
wohlhabend	adj	-	富裕的	-
bargeldlos	adj	-	非现金的	-
kontaktlos	adj	-	非接触的	-
versichert	adj	-	已投保的	-
unterversichert	adj	-	保额不足的	-
haftbar	adj	-	负有责任的	-
schadenfrei	adj	-	无出险的	-
berufsunfähig	adj	-	丧失工作能力的	-
vertraglich	adj	-	合同上的；按合同的	-
formlos	adj	-	无固定格式的	-
nachweisbar	adj	-	可证明的	-
beitragsfrei	adj	-	免缴费的	-
kostendeckend	adj	-	保本的	-
rentabel	adj	-	有利可图的	-
lohnenswert	adj	-	值得的	-
wertlos	adj	-	毫无价值的	-
wertbeständig	adj	-	保值的	-
finanziell	adj	-	财务上的；经济上的	-
vorzeitig	adj	-	提前的	-
verspätet	adj	-	迟延的	-
anfechtbar	adj	-	可撤销的；可争议的	-
unwirksam	adj	-	无效的	-
rechtswidrig	adj	-	违法的	-
zulässig	adj	-	允许的	-
unzulässig	adj	-	不允许的	-
kundenfreundlich	adj	-	对客户友好的	-
verbraucherfreundlich	adj	-	对消费者友好的	-
hochwertig	adj	-	高品质的	-
minderwertig	adj	-	劣质的	-
wertig	adj	-	有质感的	-
bar	adv	-	用现金	-
brutto	adv	-	税前；含税	-
netto	adv	-	税后；净	-
ratenweise	adv	-	分期地	-
gratis	adv	-	免费	-
postwendend	adv	-	立即（回复）	-
zuzüglich	other	-	另加	~ + Gen.
abzüglich	other	-	扣除	~ + Gen.
inklusive	other	-	包含	~ + Gen.
exklusive	other	-	不含	~ + Gen.
zulasten	other	-	由…承担	~ + Gen.
zugunsten	other	-	有利于	~ + Gen.
mangels	other	-	因缺乏	~ + Gen.
zwecks	other	-	为了	~ + Gen.
bezüglich	other	-	关于	~ + Gen.
seitens	other	-	来自…方面	~ + Gen.
gemäß	other	-	根据；按照	~ + Dat.
