Verspätung	noun	f	延误；晚点	-
Anschlusszug	noun	m	接续列车	-
Anschluss	noun	m	换乘衔接	-
Zugausfall	noun	m	列车取消	-
Ausfall	noun	m	停运；取消	-
Gleiswechsel	noun	m	更换站台	-
Schienenersatzverkehr	noun	m	铁路替代巴士	-
Stellwerksstörung	noun	f	信号系统故障	-
Oberleitung	noun	f	接触网	-
Streckensperrung	noun	f	线路封闭	-
Bahnsteig	noun	m	站台	-
Fahrkartenautomat	noun	m	自动售票机	-
Fahrgastrechte	noun	pl	乘客权益	-
Entschädigung	noun	f	赔偿	-
Zugbindung	noun	f	限定车次	-
Sitzplatzreservierung	noun	f	座位预订	-
Abteil	noun	n	包厢	-
Zugbegleiter	noun	m	列车员	-
Fahrkartenkontrolle	noun	f	查票	-
Schwarzfahrer	noun	m	逃票者	-
Fahrpreis	noun	m	票价	-
Deutschlandticket	noun	n	德国通票	-
Sparpreis	noun	m	特价票	-
Umstieg	noun	m	换乘	-
Fahrplan	noun	m	时刻表	-
Takt	noun	m	发车间隔；节拍	-
Durchsage	noun	f	广播通知	-
Pendler	noun	m	通勤者	-
Berufsverkehr	noun	m	上下班高峰	-
Stoßzeit	noun	f	高峰时段	-
Nahverkehr	noun	m	短途公共交通	-
Verkehrsverbund	noun	m	交通联营	-
Fahrgast	noun	m	乘客	-
Mitfahrgelegenheit	noun	f	顺风车	-
Fahrgemeinschaft	noun	f	拼车	-
Nachtzug	noun	m	夜车	-
Stau	noun	m	堵车	-
Umleitung	noun	f	绕行	-
Baustelle	noun	f	施工路段；工地	-
Vollsperrung	noun	f	全线封闭	-
Auffahrunfall	noun	m	追尾事故	-
Blechschaden	noun	m	车身刮蹭	-
Unfallflucht	noun	f	肇事逃逸	-
Bußgeld	noun	n	罚款	-
Bußgeldbescheid	noun	m	罚款通知书	-
Strafzettel	noun	m	罚单	-
Fahrverbot	noun	n	禁驾处罚	-
Geschwindigkeitsbegrenzung	noun	f	限速	-
Blitzer	noun	m	测速摄像头	-
Geschwindigkeitsüberschreitung	noun	f	超速	-
Vorfahrt	noun	f	优先通行权	-
Überholverbot	noun	n	禁止超车	-
Standstreifen	noun	m	应急车道	-
Rettungsgasse	noun	f	救援通道	-
Auffahrt	noun	f	入口匝道	-
Autobahnkreuz	noun	n	高速立交	-
Raststätte	noun	f	高速服务区	-
Kreisverkehr	noun	m	环岛	-
Einbahnstraße	noun	f	单行道	-
Fußgängerüberweg	noun	m	人行横道	-
Parkverbot	noun	n	禁止停车	-
Parkschein	noun	m	停车票	-
Parkscheibe	noun	f	停车时间牌	-
Abschleppdienst	noun	m	拖车服务	-
Pannendienst	noun	m	道路救援	-
Panne	noun	f	抛锚；故障	-
Reifenpanne	noun	f	爆胎	-
Winterreifen	noun	m	冬季轮胎	-
Hauptuntersuchung	noun	f	车辆年检	-
Zulassung	noun	f	车辆登记；许可	-
Zulassungsstelle	noun	f	车管所	-
Kennzeichen	noun	n	车牌	-
Umweltplakette	noun	f	环保标志	-
Umweltzone	noun	f	低排放区	-
Warndreieck	noun	n	三角警示牌	-
Beifahrer	noun	m	副驾驶	-
Fahranfänger	noun	m	新手司机	-
Probezeit	noun	f	试用期；新手期	-
Spurwechsel	noun	m	变道	-
Fahrspur	noun	f	车道	-
Schlagloch	noun	n	路面坑洼	-
Glatteis	noun	n	路面薄冰	-
Ladesäule	noun	f	充电桩	-
Sprit	noun	m	汽油	口语
Radweg	noun	m	自行车道	-
Fahrradschloss	noun	n	自行车锁	-
Lastenrad	noun	n	载货自行车	-
Klingel	noun	f	车铃；门铃	-
Schlauch	noun	m	内胎；软管	-
E-Scooter	noun	m	电动滑板车	-
Unterkunft	noun	f	住处	-
Ferienwohnung	noun	f	度假公寓	-
Pension	noun	f	家庭旅馆；养老金	-
Pauschalreise	noun	f	打包旅游	-
Reiseveranstalter	noun	m	旅游组团方	-
Buchungsbestätigung	noun	f	预订确认	-
Hauptsaison	noun	f	旺季	-
Nebensaison	noun	f	淡季	-
Halbpension	noun	f	含早晚餐	-
Vollpension	noun	f	含三餐	-
Übernachtung	noun	f	住宿；过夜	-
Aufenthalt	noun	m	逗留；居留	-
Zwischenstopp	noun	m	中途停留	-
Anreise	noun	f	到达行程	-
Abreise	noun	f	启程离开	-
Rückreise	noun	f	返程	-
Gepäckaufbewahrung	noun	f	行李寄存	-
Handgepäck	noun	n	手提行李	-
Übergepäck	noun	n	超重行李	-
Bordkarte	noun	f	登机牌	-
Sicherheitskontrolle	noun	f	安检	-
Zoll	noun	m	海关；关税	-
Zollerklärung	noun	f	海关申报	-
Annullierung	noun	f	航班取消	-
Umbuchung	noun	f	改签	-
Zeitverschiebung	noun	f	时差	-
Sehenswürdigkeit	noun	f	名胜景点	-
Rundgang	noun	m	绕一圈参观	-
Reiseführer	noun	m	导游；旅游指南	-
Kurzurlaub	noun	m	短假	-
Brückentag	noun	m	桥假日	-
Fernweh	noun	n	远游的渴望	-
Reisepass	noun	m	护照	-
Visum	noun	n	签证	-
Einreise	noun	f	入境	-
Ausreise	noun	f	出境	-
Grenzkontrolle	noun	f	边检	-
Wechselkurs	noun	m	汇率	-
Maut	noun	f	过路费	-
Vignette	noun	f	高速通行贴	-
Wohnmobil	noun	n	房车	-
Zwischenlandung	noun	f	经停	-
Wettervorhersage	noun	f	天气预报	-
Niederschlag	noun	m	降水	-
Schauer	noun	m	阵雨	-
Nieselregen	noun	m	毛毛雨	-
Platzregen	noun	m	骤雨	-
Starkregen	noun	m	强降雨	-
Unwetter	noun	n	恶劣天气	-
Unwetterwarnung	noun	f	恶劣天气预警	-
Hagel	noun	m	冰雹	-
Schneeregen	noun	m	雨夹雪	-
Glätte	noun	f	路面湿滑	-
Frost	noun	m	霜冻；严寒	-
Hochnebel	noun	m	高雾	-
Dunst	noun	m	薄雾；霾	-
Böe	noun	f	阵风	-
Orkan	noun	m	飓风级风暴	-
Hitzewelle	noun	f	热浪	-
Dürre	noun	f	干旱	-
Trockenheit	noun	f	干燥；干旱	-
Hochwasser	noun	n	洪水	-
Überschwemmung	noun	f	水淹；洪涝	-
Hochdruckgebiet	noun	n	高压区	-
Tiefdruckgebiet	noun	n	低压区	-
Wetterumschwung	noun	m	天气突变	-
Klimawandel	noun	m	气候变化	-
Treibhausgas	noun	n	温室气体	-
Emission	noun	f	排放	-
Feinstaub	noun	m	细颗粒物	-
Luftverschmutzung	noun	f	空气污染	-
Umweltschutz	noun	m	环境保护	-
Nachhaltigkeit	noun	f	可持续性	-
Energiewende	noun	f	能源转型	-
Pollenflug	noun	m	花粉飘散	-
Tauwetter	noun	n	解冻天气	-
Räumpflicht	noun	f	扫雪义务	-
Stadtviertel	noun	n	城区；街区	-
Kiez	noun	m	街区	柏林口语
Nachbarschaft	noun	f	邻里；附近	-
Fußgängerzone	noun	f	步行街	-
Mietvertrag	noun	m	租房合同	-
Vermieter	noun	m	房东	-
Wohngemeinschaft	noun	f	合租公寓	-
Besichtigung	noun	f	看房；参观	-
Baulärm	noun	m	施工噪音	-
Gentrifizierung	noun	f	绅士化	-
Grünanlage	noun	f	绿地	-
Späti	noun	m	深夜小卖部	柏林口语
Stadtrand	noun	m	城郊	-
Vorort	noun	m	郊区	-
Ballungsraum	noun	m	都市圈	-
Infrastruktur	noun	f	基础设施	-
Stadtwerke	noun	pl	市政公用公司	-
Bürgersteig	noun	m	人行道	-
Taschendieb	noun	m	扒手	-
Fundbüro	noun	n	失物招领处	-
Amt	noun	n	政府部门；职务	-
Ausländerbehörde	noun	f	外管局	-
Standesamt	noun	n	婚姻登记处	-
Sachbearbeiter	noun	m	经办人	-
Terminvergabe	noun	f	预约分配	-
Sprechzeit	noun	f	接待时间	-
Antragsteller	noun	m	申请人	-
Vordruck	noun	m	空白表格	-
Unterlagen	noun	pl	材料；文件	-
Nachweis	noun	m	证明	-
Bescheinigung	noun	f	证明书	-
Anmeldung	noun	f	登记；报名	-
Abmeldung	noun	f	注销登记	-
Aufenthaltstitel	noun	m	居留许可	-
Aufenthaltserlaubnis	noun	f	居留许可	-
Niederlassungserlaubnis	noun	f	永久居留	-
Arbeitserlaubnis	noun	f	工作许可	-
Fiktionsbescheinigung	noun	f	过渡居留证明	-
Einbürgerung	noun	f	入籍	-
Staatsangehörigkeit	noun	f	国籍	-
Personalausweis	noun	m	身份证	-
Geburtsurkunde	noun	f	出生证明	-
Urkunde	noun	f	证书	-
Beglaubigung	noun	f	公证；认证	-
Apostille	noun	f	海牙认证	-
Bearbeitungszeit	noun	f	办理时长	-
Bescheid	noun	m	决定书；通知	-
Ablehnung	noun	f	拒绝；驳回	-
Frist	noun	f	期限	-
Fristverlängerung	noun	f	延期	-
Genehmigung	noun	f	批准；许可	-
Zustimmung	noun	f	同意	-
Versicherungsnachweis	noun	m	保险证明	-
Kindergeld	noun	n	儿童金	-
Elterngeld	noun	n	父母津贴	-
Aktenzeichen	noun	n	案卷号	-
Behördengang	noun	m	去机关办事	-
Bürokratie	noun	f	官僚主义；繁琐手续	-
Amtsdeutsch	noun	n	公文德语	-
Beamte	noun	m	公务员	der Beamte
Zuständigkeit	noun	f	主管权限	-
Wohnsitz	noun	m	住所	-
Meldeadresse	noun	f	登记地址	-
Anschrift	noun	f	地址	-
Familienstand	noun	m	婚姻状况	-
Lichtbild	noun	n	证件照	-
Abholung	noun	f	领取；取件	-
Digitalisierung	noun	f	数字化	-
Verpflichtungserklärung	noun	f	担保声明	-
Sperrkonto	noun	n	限提账户	-
Integrationskurs	noun	m	融入课程	-
Sprachnachweis	noun	m	语言证明	-
Konsulat	noun	n	领事馆	-
Ausnahmegenehmigung	noun	f	特别许可	-
Ordnungsamt	noun	n	秩序局	-
Führungszeugnis	noun	n	无犯罪记录证明	-
Eingangsbestätigung	noun	f	收件确认	-
Säumniszuschlag	noun	m	滞纳金	-
verspäten	verb	-	迟到；晚点	sich ~
umsteigen	verb	-	换乘	-
entwerten	verb	-	打票	-
abstempeln	verb	-	盖章；打票	-
nachlösen	verb	-	补票	-
umbuchen	verb	-	改签	-
nachreichen	verb	-	补交	-
ausfüllen	verb	-	填写	-
beglaubigen	verb	-	公证；认证	-
vorlegen	verb	-	出示；提交	-
anmelden	verb	-	登记；报名	sich ~
ummelden	verb	-	迁址登记	sich ~
ablehnen	verb	-	拒绝；驳回	-
bearbeiten	verb	-	办理；处理	-
anfordern	verb	-	索取；调取	-
einbürgern	verb	-	使入籍	-
ausweisen	verb	-	驱逐出境；证明身份	sich ~（证明身份）
abschieben	verb	-	遣返	-
dulden	verb	-	容忍；暂缓遣返	-
vereinbaren	verb	-	约定	-
verschieben	verb	-	推迟	-
wegfallen	verb	-	取消；不再适用	-
erlöschen	verb	-	失效；熄灭	-
erneuern	verb	-	更新；换新	-
überholen	verb	-	超车	-
abbiegen	verb	-	拐弯	-
einfädeln	verb	-	并线	sich ~
ausweichen	verb	-	避让	~ + Dat.
rasen	verb	-	飙车	-
blitzen	verb	-	测速拍照；闪电	-
abschleppen	verb	-	拖走(车)	-
falschparken	verb	-	违章停车	-
einparken	verb	-	停车入位	-
ausparken	verb	-	倒车出位	-
anschnallen	verb	-	系安全带	sich ~
drängeln	verb	-	加塞；挤	-
hupen	verb	-	按喇叭	-
auffahren	verb	-	追尾；驶上	~ auf + Akk.
zusammenstoßen	verb	-	相撞	-
verunglücken	verb	-	出事故	-
umleiten	verb	-	改道绕行	-
vereisen	verb	-	结冰	-
tauen	verb	-	融化	-
nieseln	verb	-	下毛毛雨	-
schütten	verb	-	倾盆而下；倒	-
hageln	verb	-	下冰雹	-
aufklaren	verb	-	转晴	-
aufheitern	verb	-	转晴	sich ~
abkühlen	verb	-	降温	sich ~
erwärmen	verb	-	升温	sich ~
auffrischen	verb	-	(风)增强；更新	-
überfluten	verb	-	淹没	-
verschmutzen	verb	-	污染	-
einsparen	verb	-	节省	-
ausstoßen	verb	-	排放	-
pendeln	verb	-	通勤	-
radeln	verb	-	骑车	-
aufpumpen	verb	-	打气	-
klauen	verb	-	偷	口语
verleihen	verb	-	出借	-
einchecken	verb	-	办入住；值机	-
auschecken	verb	-	退房	-
anreisen	verb	-	抵达	-
abreisen	verb	-	启程离开	-
verreisen	verb	-	出远门	-
übernachten	verb	-	过夜	-
erkunden	verb	-	探索	-
faulenzen	verb	-	闲着偷懒	-
verzollen	verb	-	报关纳税	-
schmuggeln	verb	-	走私	-
durchsuchen	verb	-	搜查	-
einreisen	verb	-	入境	-
ausreisen	verb	-	出境	-
stranden	verb	-	滞留	-
festsitzen	verb	-	被困	-
nachfragen	verb	-	询问；追问	-
erkundigen	verb	-	打听	sich ~ nach + Dat.
zustehen	verb	-	应得	~ + Dat.
anfallen	verb	-	产生(费用)	-
anzeigen	verb	-	举报；显示	-
vorsprechen	verb	-	当面去办	-
aufrufen	verb	-	叫号；调出	-
verweisen	verb	-	转介；指引	~ an + Akk.
weiterleiten	verb	-	转交；转发	-
ergänzen	verb	-	补充	-
berichtigen	verb	-	更正	-
abhandenkommen	verb	-	遗失	~ + Dat.
verfahren	verb	-	开车迷路	sich ~
beschleunigen	verb	-	加速	-
anfahren	verb	-	撞上；起步	-
ansteuern	verb	-	驶向	-
verkehren	verb	-	(车次)运行	-
befördern	verb	-	运送	-
zusteigen	verb	-	中途上车	-
drängen	verb	-	挤	sich ~
abkürzen	verb	-	抄近路；缩写	-
bevollmächtigen	verb	-	授权委托	-
vorladen	verb	-	传唤	-
einscannen	verb	-	扫描	-
hochladen	verb	-	上传	-
verifizieren	verb	-	验证	-
registrieren	verb	-	注册	sich ~
nachholen	verb	-	补做	-
aufschieben	verb	-	拖延	-
abwickeln	verb	-	办理；处理	-
anerkennen	verb	-	认可；承认	-
ausbleiben	verb	-	没来；未出现	-
stauen	verb	-	堵塞	sich ~
stocken	verb	-	停滞；走走停停	-
verzögern	verb	-	推迟；延误	sich ~
wenden	verb	-	掉头	-
rangieren	verb	-	调车；挪车	-
glatt	adj	-	滑	-
vereist	adj	-	结冰的	-
schwül	adj	-	闷热	-
diesig	adj	-	雾蒙蒙	-
neblig	adj	-	有雾的	-
wechselhaft	adj	-	多变	-
heiter	adj	-	晴朗；开朗	-
bedeckt	adj	-	阴天	-
stürmisch	adj	-	狂风大作的	-
frostig	adj	-	严寒的；冷淡	-
drückend	adj	-	闷热压抑	-
regnerisch	adj	-	多雨的	-
verregnet	adj	-	被雨搅了的	-
ergiebig	adj	-	(降水)大量的	-
klimaneutral	adj	-	碳中和的	-
umweltfreundlich	adj	-	环保的	-
nachhaltig	adj	-	可持续的	-
überfüllt	adj	-	拥挤不堪	-
ausgebucht	adj	-	订满	-
planmäßig	adj	-	按计划的；准点	-
außerplanmäßig	adj	-	计划外的	-
gültig	adj	-	有效	-
ungültig	adj	-	无效	-
abgelaufen	adj	-	过期的	-
zuständig	adj	-	主管的；负责的	~ für + Akk.
erforderlich	adj	-	必需的	-
vorläufig	adj	-	临时的	-
beglaubigt	adj	-	经公证的	-
amtlich	adj	-	官方的	-
behördlich	adj	-	官方的；机关的	-
meldepflichtig	adj	-	须登记的	-
visumfrei	adj	-	免签的	-
volljährig	adj	-	成年的	-
ledig	adj	-	未婚	-
geschieden	adj	-	离异	-
wohnhaft	adj	-	居住于	~ in + Dat.
ansässig	adj	-	定居的	-
einheimisch	adj	-	本地的	-
belebt	adj	-	热闹	-
verkehrsberuhigt	adj	-	交通限行的	-
autofrei	adj	-	无车的	-
abgelegen	adj	-	偏僻	-
ländlich	adj	-	乡村的	-
malerisch	adj	-	风景如画	-
idyllisch	adj	-	田园般宁静	-
sehenswert	adj	-	值得一看	-
touristisch	adj	-	旅游的；游客多的	-
erholsam	adj	-	令人放松的	-
stockend	adj	-	走走停停的	-
zähflüssig	adj	-	(车流)缓慢	-
gesperrt	adj	-	封闭的	-
einspurig	adj	-	单车道的	-
fahrtüchtig	adj	-	适合驾驶的	-
alkoholisiert	adj	-	酒后的	-
fahrlässig	adj	-	过失的	-
verkehrswidrig	adj	-	违反交规的	-
umständlich	adj	-	麻烦；繁琐	-
bürokratisch	adj	-	官僚的	-
zügig	adj	-	迅速	-
reibungslos	adj	-	顺利	-
kurzfristig	adj	-	临时；短期	-
langfristig	adj	-	长期	-
hitzefrei	adj	-	因高温放假的	-
witterungsbedingt	adj	-	因天气原因的	-
störungsbedingt	adj	-	因故障的	-
voraussichtlich	adj	-	预计的	-
landesweit	adj	-	全国范围的	-
bundesweit	adj	-	全德范围的	-
stadtauswärts	adv	-	出城方向	-
stadteinwärts	adv	-	进城方向	-
vorerst	adv	-	暂时	-
ausnahmsweise	adv	-	破例	-
