andeuten	verb	-	暗示；略微提及	-
zögern	verb	-	犹豫；迟疑	-
einmischen	verb	-	插手；干涉	sich ~ in + A.
unterstellen	verb	-	硬说（某人有某意图）；诬赖	jmdm. etw. ~
vorwerfen	verb	-	指责；责备	jmdm. etw. ~
nörgeln	verb	-	发牢骚；挑刺	-
meckern	verb	-	发牢骚；抱怨	口语
beherrschen	verb	-	克制自己	sich ~
nachgeben	verb	-	让步；屈服	-
einlenken	verb	-	让步；缓和态度	-
versöhnen	verb	-	和好；和解	sich ~ mit
nachtragen	verb	-	记仇	jmdm. etw. ~
beleidigen	verb	-	侮辱；冒犯	-
veräppeln	verb	-	捉弄；开玩笑	口语
hänseln	verb	-	取笑；嘲弄	-
necken	verb	-	逗；开玩笑	-
verspotten	verb	-	嘲笑；讥讽	-
auslachen	verb	-	嘲笑	-
lästern	verb	-	说坏话；背后议论	~ über + A.
petzen	verb	-	告状；打小报告	-
anschwärzen	verb	-	中伤；说坏话	-
schmeicheln	verb	-	奉承；讨好	~ + Dat.
einschmeicheln	verb	-	巴结；讨好	sich ~ bei
schleimen	verb	-	拍马屁	口语
prahlen	verb	-	吹嘘；炫耀	~ mit
protzen	verb	-	显摆；摆阔	~ mit
blamieren	verb	-	出丑；丢脸	sich ~
zaudern	verb	-	犹豫不决	-
abwägen	verb	-	权衡	-
entschließen	verb	-	下决心	sich ~ zu
beharren	verb	-	坚持；固执于	~ auf + Dat.
durchsetzen	verb	-	坚持己见；占上风	sich ~
nachhaken	verb	-	追问	-
nachbohren	verb	-	刨根问底	口语
ausfragen	verb	-	盘问	-
aushorchen	verb	-	套话；打听	-
abwimmeln	verb	-	打发走；推掉	口语
vertrösten	verb	-	敷衍着安慰；让人再等	~ auf + A.
hinhalten	verb	-	拖延；吊着	-
versetzen	verb	-	放鸽子；调动	口语义
abweisen	verb	-	拒绝；拒之门外	-
zurückweisen	verb	-	驳回；拒绝	-
beipflichten	verb	-	附和；赞同	~ + Dat.
einwenden	verb	-	提出异议	-
entgegnen	verb	-	回答；反驳	-
kontern	verb	-	反击；回怼	-
abstreiten	verb	-	否认	-
leugnen	verb	-	否认；抵赖	-
eingestehen	verb	-	坦白承认	-
beichten	verb	-	坦白；忏悔	-
verheimlichen	verb	-	隐瞒	-
verschweigen	verb	-	隐瞒不说	-
vertuschen	verb	-	掩盖	-
ausplaudern	verb	-	泄露（秘密）	-
verplappern	verb	-	说漏嘴	sich ~
anvertrauen	verb	-	托付；吐露	jmdm. etw. ~
beteuern	verb	-	再三保证	-
beschwichtigen	verb	-	安抚；平息	-
besänftigen	verb	-	使平静；安抚	-
aufmuntern	verb	-	鼓舞；让人振作	-
bestärken	verb	-	坚定（想法）；支持	-
entmutigen	verb	-	使灰心	-
zureden	verb	-	劝说	~ + Dat.
umstimmen	verb	-	使改变主意	-
bedrängen	verb	-	纠缠；逼迫	-
schikanieren	verb	-	刁难；欺负	-
mobben	verb	-	霸凌；排挤	-
ausgrenzen	verb	-	排斥；孤立	-
ausnutzen	verb	-	利用；占便宜	-
bevormunden	verb	-	管头管脚；替人做主	-
gängeln	verb	-	管束；牵着鼻子走	-
herumkommandieren	verb	-	呼来喝去；使唤	-
bemuttern	verb	-	像妈妈一样照顾	-
verwöhnen	verb	-	宠；溺爱	-
verhätscheln	verb	-	娇惯	-
großziehen	verb	-	抚养长大	-
aufziehen	verb	-	抚养；逗弄	-
beaufsichtigen	verb	-	看管；监督	-
trotzen	verb	-	赌气；违抗	~ + Dat.
bocken	verb	-	犟；耍脾气	-
quengeln	verb	-	哼哼唧唧；缠着要	-
toben	verb	-	撒欢；大闹	-
herumalbern	verb	-	胡闹；嬉闹	-
schmollen	verb	-	撅嘴生闷气	-
maulen	verb	-	嘟囔抱怨	口语
kichern	verb	-	咯咯笑	-
schmunzeln	verb	-	抿嘴笑；会心一笑	-
zusammenzucken	verb	-	吓一跳；一哆嗦	-
verblüffen	verb	-	使惊讶；使目瞪口呆	-
verunsichern	verb	-	使没把握；使不安	-
irritieren	verb	-	使困惑；让人不舒服	-
befremden	verb	-	让人觉得奇怪	-
empören	verb	-	愤慨	sich ~ über + A.
gönnen	verb	-	乐见（别人得到）；舍得给	sich etw. ~ 犒劳自己
missgönnen	verb	-	眼红；见不得别人好	-
bemitleiden	verb	-	同情；可怜	-
sehnen	verb	-	渴望；思念	sich ~ nach
schwärmen	verb	-	热衷；赞不绝口	~ für / von
verehren	verb	-	崇拜；敬重	-
vergöttern	verb	-	把…捧上天	-
anhimmeln	verb	-	痴迷地仰慕	口语
verknallen	verb	-	迷上；爱上	sich ~ in + A.
anbaggern	verb	-	搭讪；撩	口语
anmachen	verb	-	搭讪；打开	口语义
verkuppeln	verb	-	撮合	-
fremdgehen	verb	-	出轨	-
binden	verb	-	确定关系；受约束	sich ~
eingewöhnen	verb	-	习惯；适应	sich ~
anfreunden	verb	-	交上朋友	sich ~ mit
zerstreiten	verb	-	闹翻	sich ~
verkrachen	verb	-	闹翻	sich ~；口语
zanken	verb	-	吵嘴	sich ~
zoffen	verb	-	吵架	sich ~；口语
aneinandergeraten	verb	-	起冲突	-
schlichten	verb	-	调解	-
aussprechen	verb	-	把话说开	sich ~ mit
klarstellen	verb	-	澄清；说清楚	-
revanchieren	verb	-	回报；还人情	sich ~
spendieren	verb	-	请客；掏钱请	-
aufdrängen	verb	-	硬凑上来；强加于人	sich ~
zurückziehen	verb	-	退缩；离群	sich ~
abkapseln	verb	-	封闭自己	sich ~
vereinsamen	verb	-	变得孤独	-
fügen	verb	-	顺从；服从	sich ~
widersetzen	verb	-	反抗；抗拒	sich ~ + Dat.
aufbegehren	verb	-	反抗；抗议	-
auflehnen	verb	-	反抗	sich ~ gegen
unterordnen	verb	-	服从；甘居下位	sich ~
zurechtkommen	verb	-	应付得来；能搞定	~ mit
klarkommen	verb	-	搞得定；处得来	口语 ~ mit
abfinden	verb	-	接受；认命	sich ~ mit
wegstecken	verb	-	挺过去；承受	口语
abreagieren	verb	-	发泄	sich ~
zusammenraufen	verb	-	磨合；终于协调好	sich ~
arrangieren	verb	-	迁就；达成妥协	sich ~
nachsehen	verb	-	宽容；原谅	jmdm. etw. ~
herausreden	verb	-	找借口开脱	sich ~
ausreden	verb	-	劝阻；把话说完	jmdm. etw. ~
einreden	verb	-	硬让人相信	jmdm. etw. ~
einbilden	verb	-	自以为；幻想	sich ~
vorgaukeln	verb	-	编出假象骗人	-
vortäuschen	verb	-	假装	-
heucheln	verb	-	装；假惺惺	-
verstellen	verb	-	装模作样；伪装	sich ~
flunkern	verb	-	撒小谎；吹牛	-
schwindeln	verb	-	撒谎；作弊	-
reinlegen	verb	-	坑；骗	口语
misstrauen	verb	-	不信任	~ + Dat.
verdächtigen	verb	-	怀疑（某人）	-
durchschauen	verb	-	看穿	-
schlechtmachen	verb	-	贬低；说坏话	-
abwerten	verb	-	贬低；贬值	-
würdigen	verb	-	肯定；给予评价	-
wertschätzen	verb	-	珍视；看重	-
honorieren	verb	-	回报；认可	-
beschönigen	verb	-	美化；粉饰	-
verharmlosen	verb	-	轻描淡写；淡化危害	-
herunterspielen	verb	-	淡化；故意说轻	-
dramatisieren	verb	-	夸大其词	-
aufbauschen	verb	-	夸大；小题大做	-
relativieren	verb	-	淡化；使相对化	-
pauschalisieren	verb	-	以偏概全	-
verallgemeinern	verb	-	一概而论	-
dazwischenreden	verb	-	插嘴	-
abschweifen	verb	-	跑题	-
schwafeln	verb	-	胡扯；废话连篇	口语
labern	verb	-	瞎扯；唠叨	口语
quatschen	verb	-	闲聊；瞎扯	口语
nuscheln	verb	-	口齿不清地说	-
tuscheln	verb	-	窃窃私语	-
anmotzen	verb	-	冲…发火	口语
zurechtweisen	verb	-	训斥；纠正	-
tadeln	verb	-	责备	-
rügen	verb	-	训诫；指责	-
bangen	verb	-	担心；忧虑	~ um
hadern	verb	-	想不开；不满	~ mit
vornehmen	verb	-	打算；下决心	sich etw. ~
bezwecken	verb	-	目的在于	-
anstreben	verb	-	力求；争取	-
kneifen	verb	-	临阵退缩；捏	口语义
aufopfern	verb	-	牺牲自己	sich ~
einsetzen	verb	-	为…出力	sich ~ für
beistehen	verb	-	支持；援助	~ + Dat.
zieren	verb	-	扭捏；假客气	sich ~
genieren	verb	-	不好意思；难为情	sich ~
aufspielen	verb	-	摆架子；装腔作势	sich ~
knuddeln	verb	-	搂着亲昵	-
schmusen	verb	-	亲热	-
verabscheuen	verb	-	厌恶	-
ekeln	verb	-	感到恶心	sich ~ vor + Dat.
ausstehen	verb	-	忍受；受得了	多用 nicht ~ können
vergewissern	verb	-	确认；弄清楚	sich ~
äußern	verb	-	表态；发表意见	sich ~ zu
befürworten	verb	-	赞成；支持	-
plädieren	verb	-	主张；呼吁	~ für
missbilligen	verb	-	不赞成	-
verübeln	verb	-	怪罪；见怪	jmdm. etw. ~
übelnehmen	verb	-	见怪；记恨	jmdm. etw. ~
krummnehmen	verb	-	见怪	口语 jmdm. etw. ~
rechtfertigen	verb	-	为自己辩解	sich ~
zurückhalten	verb	-	克制；保持低调	sich ~
raushalten	verb	-	置身事外	口语 sich ~ aus
aufbrausen	verb	-	暴躁发火	-
abregen	verb	-	冷静下来	sich ~；口语
verstimmen	verb	-	惹…不快	-
vergraulen	verb	-	把人气跑；赶跑	口语
hintergehen	verb	-	背着…搞鬼；欺骗	-
verleumden	verb	-	诽谤	-
bloßstellen	verb	-	使出丑；揭露	-
demütigen	verb	-	羞辱	-
vorbeischauen	verb	-	顺便来看看	-
abspringen	verb	-	退出；中途放弃	-
trödeln	verb	-	磨蹭	-
vertrödeln	verb	-	磨蹭掉（时间）	-
herumhängen	verb	-	闲晃；混日子	口语
schwänzen	verb	-	逃学；翘课	-
rumkriegen	verb	-	说动；熬过	口语
einschulen	verb	-	送入学	-
abnabeln	verb	-	独立；脱离父母	sich ~ von
mitreißen	verb	-	感染；带动	-
einschüchtern	verb	-	恐吓；吓唬住	-
reizen	verb	-	激怒；吸引	-
sticheln	verb	-	冷嘲热讽；含沙射影	-
anspielen	verb	-	影射；暗指	~ auf + A.
abservieren	verb	-	甩掉；打发	口语
distanzieren	verb	-	撇清；拉开距离	sich ~ von
abgrenzen	verb	-	划清界限	sich ~ von
schnorren	verb	-	蹭（吃喝）；讨	口语
schmarotzen	verb	-	白吃白喝；寄生	-
vordrängeln	verb	-	插队	sich ~
zusammentun	verb	-	联手；搭伙	sich ~
einlassen	verb	-	卷入；答应	sich ~ auf + A.
zumuten	verb	-	强求；指望（某人承受）	jmdm. etw. ~
zuverlässig	adj	-	可靠的	-
schlagfertig	adj	-	反应机敏；会接话	-
taktvoll	adj	-	得体的；有分寸	-
taktlos	adj	-	没分寸的	-
anhänglich	adj	-	黏人的；依恋的	-
missgünstig	adj	-	见不得别人好的	-
gutmütig	adj	-	好脾气的；心善	-
leichtgläubig	adj	-	轻信的	-
misstrauisch	adj	-	多疑的	-
aufgeschlossen	adj	-	思想开放；乐于接受	~ für
verschlossen	adj	-	内向寡言；封闭	-
zurückhaltend	adj	-	矜持的；保守	-
kontaktfreudig	adj	-	喜欢结交人的	-
gesellig	adj	-	爱交际的；热闹的	-
redselig	adj	-	话多的	-
gesprächig	adj	-	健谈的	-
wortkarg	adj	-	寡言的	-
schweigsam	adj	-	沉默寡言	-
vorlaut	adj	-	多嘴的；抢着说话	-
dreist	adj	-	厚颜无耻的；放肆	-
unverschämt	adj	-	无耻的；太过分	-
respektlos	adj	-	不尊重人的	-
zuvorkommend	adj	-	殷勤周到的	-
fürsorglich	adj	-	关怀备至的	-
einfühlsam	adj	-	善解人意的	-
verständnisvoll	adj	-	通情达理的	-
nachsichtig	adj	-	宽容的	-
nachgiebig	adj	-	好说话的；易让步	-
eingebildet	adj	-	自负的；自以为是	-
überheblich	adj	-	傲慢的	-
hochnäsig	adj	-	高傲；瞧不起人	-
herablassend	adj	-	居高临下的	-
selbstgefällig	adj	-	自鸣得意	-
selbstgerecht	adj	-	自以为是（道德上）	-
gehemmt	adj	-	拘谨的；放不开	-
verklemmt	adj	-	拘谨；扭捏	-
lässig	adj	-	随意的；潇洒	-
besonnen	adj	-	审慎的；冷静	-
bedächtig	adj	-	慢条斯理；谨慎	-
voreilig	adj	-	草率的；操之过急	-
leichtsinnig	adj	-	轻率的；粗心大意	-
unbedacht	adj	-	欠考虑的	-
cholerisch	adj	-	脾气暴躁的	-
dünnhäutig	adj	-	敏感易受伤	-
zimperlich	adj	-	娇气的；矫情	-
wehleidig	adj	-	爱叫苦的	-
mürrisch	adj	-	闷闷不乐；脾气坏	-
grantig	adj	-	脾气坏的	南德
griesgrämig	adj	-	愁眉苦脸	-
verbittert	adj	-	心怀怨愤的	-
spöttisch	adj	-	嘲讽的	-
hämisch	adj	-	幸灾乐祸的；阴阳怪气	-
schadenfroh	adj	-	幸灾乐祸的	-
gehässig	adj	-	恶毒的；充满恶意	-
boshaft	adj	-	恶毒的；使坏的	-
fies	adj	-	缺德的；卑鄙	口语
hinterhältig	adj	-	阴险的	-
verlogen	adj	-	虚伪的；满嘴谎话	-
heuchlerisch	adj	-	虚伪的	-
scheinheilig	adj	-	假正经；伪善	-
offenherzig	adj	-	坦率的；直爽	-
geradlinig	adj	-	耿直的；为人正直	-
unverblümt	adj	-	直截了当；不加掩饰	-
schonungslos	adj	-	毫不留情的	-
vertrauenswürdig	adj	-	值得信赖的	-
pflichtbewusst	adj	-	有责任感的	-
gewissenhaft	adj	-	认真尽责的	-
pingelig	adj	-	吹毛求疵；过分讲究	口语
kleinlich	adj	-	小气的；斤斤计较	-
spießig	adj	-	庸俗保守；小市民气	-
engstirnig	adj	-	心胸狭窄；眼光短浅	-
stur	adj	-	固执的；死脑筋	-
dickköpfig	adj	-	犟的；固执	-
eigensinnig	adj	-	任性的；固执己见	-
trotzig	adj	-	赌气的；倔强	-
unnachgiebig	adj	-	不肯让步的	-
hartnäckig	adj	-	执着的；顽固	-
beharrlich	adj	-	坚持不懈的	-
zielstrebig	adj	-	目标明确的	-
träge	adj	-	懒散的；迟钝	-
engagiert	adj	-	投入的；积极参与	-
tatkräftig	adj	-	能干的；雷厉风行	-
unentschlossen	adj	-	犹豫不决的	-
wankelmütig	adj	-	反复无常的	-
zögerlich	adj	-	犹犹豫豫的	-
behutsam	adj	-	小心翼翼；轻柔	-
zaghaft	adj	-	怯生生的	-
kleinlaut	adj	-	蔫了；没了底气	-
verletzend	adj	-	伤人的	-
eingeschnappt	adj	-	生气了；闹别扭	口语
verkrampft	adj	-	放不开；僵硬	-
bestürzt	adj	-	惊愕的；震惊难过	-
perplex	adj	-	懵了；不知所措	-
ratlos	adj	-	束手无策	-
genügsam	adj	-	容易满足的	-
anspruchsvoll	adj	-	要求高的；挑剔	-
wählerisch	adj	-	挑剔的	-
heikel	adj	-	棘手的；挑剔	-
verwöhnt	adj	-	被宠坏的；讲究	-
frühreif	adj	-	早熟的	-
altklug	adj	-	少年老成；小大人似的	-
aufgeweckt	adj	-	机灵的	-
pfiffig	adj	-	机灵的；精明	-
tollpatschig	adj	-	笨手笨脚的	-
schusselig	adj	-	丢三落四；毛躁	口语
zerstreut	adj	-	心不在焉的	-
verträumt	adj	-	爱做梦的；出神的	-
verspielt	adj	-	贪玩的	-
quirlig	adj	-	活泼好动	-
aufgedreht	adj	-	兴奋过头；闹腾	口语
übermütig	adj	-	得意忘形；太兴奋	-
unreif	adj	-	不成熟的	-
umgänglich	adj	-	好相处的	-
nervig	adj	-	烦人的	口语
lästig	adj	-	讨厌的；麻烦	-
aufwendig	adj	-	费事的；花费大	-
wortgewandt	adj	-	口才好的	-
liebenswürdig	adj	-	和蔼可亲的	-
warmherzig	adj	-	热心肠的	-
gefühlskalt	adj	-	冷漠无情	-
gleichgültig	adj	-	漠不关心	-
teilnahmslos	adj	-	冷漠的；无动于衷	-
abweisend	adj	-	冷淡的；拒人千里	-
distanziert	adj	-	有距离感的	-
unnahbar	adj	-	难以接近	-
selbstlos	adj	-	无私的	-
eigennützig	adj	-	自私自利	-
berechnend	adj	-	工于心计的	-
gerissen	adj	-	狡猾的；老练	-
bieder	adj	-	老实本分；土气	-
weltoffen	adj	-	开放包容的	-
voreingenommen	adj	-	有偏见的	-
befangen	adj	-	拘束的；有偏见的	-
parteiisch	adj	-	偏袒的	-
nachvollziehbar	adj	-	可以理解的	-
plausibel	adj	-	说得通的	-
einleuchtend	adj	-	显而易见；令人信服	-
fragwürdig	adj	-	可疑的；值得商榷	-
zweifelhaft	adj	-	可疑的	-
fraglich	adj	-	不确定的；有疑问	-
umstritten	adj	-	有争议的	-
berechtigt	adj	-	合理的；有权	-
angebracht	adj	-	合适的；恰当	-
unangebracht	adj	-	不合适的；不合时宜	-
übertrieben	adj	-	夸张的；过分	-
maßlos	adj	-	无节制的；极度	-
unverhältnismäßig	adj	-	不成比例；过度	-
überzogen	adj	-	过分的；过头	-
abwegig	adj	-	离谱的；不着边际	-
haarsträubend	adj	-	骇人听闻；离谱	-
empörend	adj	-	令人愤慨的	-
unerhört	adj	-	闻所未闻；太过分	-
beschämend	adj	-	可耻的；让人惭愧	-
blamabel	adj	-	丢人的	-
beachtlich	adj	-	可观的	-
krass	adj	-	夸张的；绝了	口语
derb	adj	-	粗俗的；粗鲁	-
ordinär	adj	-	粗俗的	-
schnippisch	adj	-	没好气的；尖刻	-
pampig	adj	-	态度恶劣	口语
patzig	adj	-	顶嘴的；不客气	-
schroff	adj	-	生硬冷淡；陡峭	-
barsch	adj	-	粗暴生硬	-
resolut	adj	-	果断的；泼辣	-
nachdrücklich	adj	-	坚决的；再三	-
eindringlich	adj	-	恳切的；郑重	-
ungezwungen	adj	-	无拘无束	-
zwanglos	adj	-	随意的；非正式	-
familiär	adj	-	家常的；熟络	-
innig	adj	-	亲密的；深切	-
entfremdet	adj	-	疏远的	-
verwitwet	adj	-	丧偶的	-
alleinerziehend	adj	-	单亲抚养的	-
kinderlieb	adj	-	喜欢小孩的	-
bindungsscheu	adj	-	怕承诺的	-
vermeintlich	adj	-	所谓的；自以为的	-
vergeblich	adj	-	徒劳的	-
ausgerechnet	adv	-	偏偏	-
eh	adv	-	反正	口语
ohnehin	adv	-	反正；本来就	-
halt	adv	-	就是；反正（语气）	-
bloß	adv	-	只；到底（语气）	-
lauter	adv	-	尽是；全是	不变格
gar	adv	-	根本；甚至	-
durchaus	adv	-	完全；绝对	-
keineswegs	adv	-	绝不	-
freilich	adv	-	当然；诚然	-
zweifellos	adv	-	毫无疑问	-
scheinbar	adv	-	表面上	-
womöglich	adv	-	说不定；可能	-
sicherheitshalber	adv	-	为保险起见	-
grundsätzlich	adv	-	原则上	-
letztendlich	adv	-	归根结底	-
nichtsdestotrotz	adv	-	尽管如此	-
hingegen	adv	-	相反；然而	-
wiederum	adv	-	又；另一方面	-
gleichfalls	adv	-	同样（回祝）	-
beiläufig	adv	-	随口；顺便	-
eigens	adv	-	专门；特意	-
versehentlich	adv	-	不小心地	-
widerwillig	adv	-	勉强地	-
notgedrungen	adv	-	迫不得已	-
zwangsläufig	adv	-	必然地	-
kurzerhand	adv	-	当机立断；二话不说	-
prompt	adv	-	立刻；果然	-
mittlerweile	adv	-	如今；这期间	-
demnächst	adv	-	近期	-
bislang	adv	-	迄今为止	-
seither	adv	-	从那以后	-
halbwegs	adv	-	勉强；还算	-
einigermaßen	adv	-	还算；在某种程度上	-
ungemein	adv	-	极其；非常	-
ausgesprochen	adv	-	非常；明显	-
tierisch	adv	-	超级；特别	口语
gefälligst	adv	-	请你（不客气地）	-
sozusagen	adv	-	可以说	-
quasi	adv	-	可以说；几乎	-
gewissermaßen	adv	-	在某种程度上	-
buchstäblich	adv	-	名副其实；简直	-
regelrecht	adv	-	简直；十足	-
geradezu	adv	-	简直	-
schlichtweg	adv	-	简直；干脆	-
schier	adv	-	简直；几乎	-
rundweg	adv	-	断然	-
insgeheim	adv	-	暗地里	-
hinterrücks	adv	-	背地里	-
unverhohlen	adv	-	公然；毫不掩饰	-
weitaus	adv	-	远远	-
vergebens	adv	-	白费地	-
unverzüglich	adv	-	立即	-
schleunigst	adv	-	赶紧	-
ruckzuck	adv	-	一下子；飞快	口语
sachte	adv	-	轻轻地；慢慢来	-
tunlichst	adv	-	尽可能；最好	-
allenfalls	adv	-	充其量；顶多	-
dementsprechend	adv	-	相应地	-
ansonsten	adv	-	除此之外；否则	-
wohlgemerkt	adv	-	注意（插入语）	-
tja	other	-	嗯嘛（无奈）	感叹词
pfui	other	-	呸	感叹词
igitt	other	-	好恶心	感叹词
nanu	other	-	咦（惊讶）	感叹词
hoppla	other	-	哎哟（小失误）	感叹词
huch	other	-	呀（吓一跳）	感叹词
jein	other	-	又是又不是	口语
Rücksicht	noun	f	体谅；顾及	~ nehmen auf + A.
Verständnis	noun	n	理解；体谅	~ für
Vorwurf	noun	m	指责	-
Unterstellung	noun	f	无端指责；诬赖	-
Andeutung	noun	f	暗示	-
Anspielung	noun	f	影射	~ auf + A.
Auseinandersetzung	noun	f	争执；探讨	-
Zoff	noun	m	吵架	口语
Versöhnung	noun	f	和解	-
Zugeständnis	noun	n	让步	-
Einwand	noun	m	异议	-
Vorbehalt	noun	m	保留意见	-
Ausrede	noun	f	借口	-
Vorwand	noun	m	借口；幌子	-
Notlüge	noun	f	善意的谎言	-
Klatsch	noun	m	八卦；闲话	-
Schadenfreude	noun	f	幸灾乐祸	-
Groll	noun	m	怨恨	-
Verachtung	noun	f	蔑视	-
Ekel	noun	m	恶心；厌恶	-
Abneigung	noun	f	反感	-
Zuneigung	noun	f	好感；喜爱	-
Geborgenheit	noun	f	安全感；温暖	-
Zusammenhalt	noun	m	凝聚力；团结	-
Zugehörigkeit	noun	f	归属感	-
Hemmschwelle	noun	f	心理门槛	-
Überwindung	noun	f	克服（心理障碍）	-
Ehrgeiz	noun	m	进取心；野心	-
Verlegenheit	noun	f	尴尬；窘境	-
Fettnäpfchen	noun	n	失言；出洋相	ins ~ treten
Ausrutscher	noun	m	失误；失言	-
Taktgefühl	noun	n	分寸感	-
Feingefühl	noun	n	细腻；体贴	-
Einfühlungsvermögen	noun	n	共情能力	-
Ungeduld	noun	f	不耐烦	-
Wutanfall	noun	m	大发脾气	-
Trotzphase	noun	f	（幼儿）叛逆期	-
Elternzeit	noun	f	育儿假	-
Tagesmutter	noun	f	日托保姆	-
Krippe	noun	f	托儿所（三岁前）	-
Verwandtschaft	noun	f	亲戚	-
Schwiegereltern	noun	pl	公婆；岳父母	-
Schwager	noun	m	姐夫；小舅子	-
Schwägerin	noun	f	嫂子；弟媳	-
Patchworkfamilie	noun	f	重组家庭	-
Lebensgefährte	noun	m	（非婚）伴侣	-
Sorgerecht	noun	n	监护权	-
Unterhalt	noun	m	抚养费；生计	-
Seitensprung	noun	m	出轨	-
Liebeskummer	noun	m	失恋的痛苦	-
Schwarm	noun	m	暗恋对象；群	-
Annäherung	noun	f	接近；靠拢	-
Umgang	noun	m	交往；打交道	~ mit
Umgangsformen	noun	pl	礼节；举止	-
Manieren	noun	pl	规矩；礼貌	-
Anstand	noun	m	礼貌；体面	-
Gastfreundschaft	noun	f	好客	-
Gastgeber	noun	m	（请客的）主人	-
Stammtisch	noun	m	固定聚会；常客桌	-
Bekanntschaft	noun	f	结识；熟人	-
Clique	noun	f	小圈子	-
Außenseiter	noun	m	局外人；不合群的人	-
Mitläufer	noun	m	随大流的人	-
Besserwisser	noun	m	自以为是的人	-
Angeber	noun	m	爱吹牛的人	-
Schleimer	noun	m	马屁精	口语
Spielverderber	noun	m	扫兴的人	-
Spaßvogel	noun	m	开心果	-
Miesepeter	noun	m	扫兴鬼；爱抱怨的人	口语
Nervensäge	noun	f	烦人精	口语
Pechvogel	noun	m	倒霉蛋	-
Glückspilz	noun	m	幸运儿	-
Streber	noun	m	死用功的人；书呆子	贬义
Weichei	noun	n	软蛋；怂包	口语
Tollpatsch	noun	m	笨手笨脚的人	-
Dickkopf	noun	m	犟脾气	-
Schwätzer	noun	m	空谈的人；话痨	-
Macke	noun	f	怪癖；毛病	口语
Eigenart	noun	f	特点；怪癖	-
Angewohnheit	noun	f	（个人）习惯	-
Charakterzug	noun	m	性格特点	-
Gemüt	noun	n	心性；性情	-
Gesinnung	noun	f	思想；立场	-
Standpunkt	noun	m	立场；观点	-
Anliegen	noun	n	诉求；心事	-
Vorsatz	noun	m	决心；故意	-
Hintergedanke	noun	m	私心；别有用心	-
Zuspruch	noun	m	鼓励；欢迎	-
Wertschätzung	noun	f	珍视；尊重	-
Zuwendung	noun	f	关怀；资助	-
Fürsorge	noun	f	关怀；照料	-
