Stellenausschreibung	noun	f	职位公告；公开招聘	-
Stellenangebot	noun	n	职位空缺；工作机会	-
Anschreiben	noun	n	求职信	-
Anforderungsprofil	noun	n	职位要求	-
Stellenbeschreibung	noun	f	职位描述	-
Quereinstieg	noun	m	跨行转岗	-
Werkstudent	noun	m	在校生兼职员工	-
Headhunter	noun	m	猎头	-
Arbeitsvermittlung	noun	f	职业介绍	-
Assessment-Center	noun	n	评估中心（测评）	-
Eignungstest	noun	m	能力测试	-
Probearbeit	noun	f	试工	-
Referenz	noun	f	推荐人；推荐信	-
Empfehlungsschreiben	noun	n	推荐信	-
Arbeitszeugnis	noun	n	工作证明（含评语）	-
Zeugnis	noun	n	证明；评语	-
Anerkennung	noun	f	认可；（学历）认证	-
Weiterbildung	noun	f	进修；继续教育	-
Zertifikat	noun	n	证书	-
Softskill	noun	m	软技能	-
Belastbarkeit	noun	f	抗压能力	-
Durchsetzungsvermögen	noun	n	魄力；执行力	-
Eigeninitiative	noun	f	主动性	-
Zuverlässigkeit	noun	f	可靠性	-
Führungserfahrung	noun	f	管理经验	-
Muttersprachler	noun	m	母语者	-
Arbeitsmarkt	noun	m	劳动力市场	-
Arbeitslosengeld	noun	n	失业金	-
Arbeitsagentur	noun	f	劳动局	-
Kurzarbeitergeld	noun	n	短时工作补贴	-
Bewerber	noun	m	求职者	-
Auswahlverfahren	noun	n	选拔流程	-
Vorauswahl	noun	f	初筛	-
Fallstudie	noun	f	案例分析	-
Rollenspiel	noun	n	角色扮演	-
Rückfrage	noun	f	询问；追问	-
Personalauswahl	noun	f	人员甄选	-
Recruiting	noun	n	招聘	-
Abwerbung	noun	f	挖角	-
Selbstpräsentation	noun	f	自我展示	-
Jobangebot	noun	n	工作邀约；offer	-
Umzugskosten	noun	pl	搬家费用	-
Stellenmarkt	noun	m	招聘市场	-
Kündigungswelle	noun	f	裁员潮；离职潮	-
Arbeitnehmerfreizügigkeit	noun	f	劳动者自由流动	-
Arbeitsvertrag	noun	m	劳动合同	-
Kündigungsschutz	noun	m	解雇保护	-
Kündigungsschutzgesetz	noun	n	解雇保护法	-
Aufhebungsvertrag	noun	m	解除劳动关系协议	-
Abfindung	noun	f	遣散费；补偿金	-
Abmahnung	noun	f	书面警告	-
Kettenbefristung	noun	f	连续签定期合同	-
Vertragslaufzeit	noun	f	合同期限	-
Nebenabrede	noun	f	附加约定	-
Wettbewerbsverbot	noun	n	竞业禁止	-
Verschwiegenheitspflicht	noun	f	保密义务	-
Geheimhaltungsvereinbarung	noun	f	保密协议	-
Wochenarbeitszeit	noun	f	每周工时	-
Minijob	noun	m	迷你工作（小额兼职）	-
Leiharbeit	noun	f	劳务派遣	-
Leiharbeiter	noun	m	派遣工	-
Werkvertrag	noun	m	承揽合同	-
Beschäftigungsverhältnis	noun	n	雇佣关系	-
Anstellung	noun	f	聘用；职位	-
Entlassung	noun	f	解雇	-
Massenentlassung	noun	f	大规模裁员	-
Freistellung	noun	f	免除工作；停职	-
Fürsorgepflicht	noun	f	（雇主）照顾义务	-
Haftung	noun	f	赔偿责任	-
Arbeitsgericht	noun	n	劳动法院	-
Arbeitsrecht	noun	n	劳动法	-
Gewerkschaft	noun	f	工会	-
Tarifvertrag	noun	m	劳资协议	-
Tarifrunde	noun	f	劳资谈判轮次	-
Tarifpartner	noun	m	劳资协议方	-
Tariflohn	noun	m	协议工资	-
Tarifabschluss	noun	m	劳资协议达成	-
Arbeitgeberverband	noun	m	雇主协会	-
Arbeitskampf	noun	m	劳资斗争	-
Streik	noun	m	罢工	-
Aussperrung	noun	f	闭厂（资方停工）	-
Nullrunde	noun	f	零涨薪	-
Betriebsrat	noun	m	职工委员会	-
Betriebsvereinbarung	noun	f	企业内部协议	-
Betriebsverfassungsgesetz	noun	n	企业组织法	-
Gleichstellungsbeauftragte	noun	f	平等事务专员	-
Mindestlohn	noun	m	最低工资	-
Entgeltfortzahlung	noun	f	（病假等）工资照发	-
Mutterschutz	noun	m	孕产期保护	-
Pflegezeit	noun	f	护理假	-
Kinderkrankentag	noun	m	孩子生病看护假	-
Brückenteilzeit	noun	f	限期减时工作	-
Rückkehrrecht	noun	n	回岗权	-
Sonderurlaub	noun	m	特别假	-
Bildungsurlaub	noun	m	带薪进修假	-
Resturlaub	noun	m	剩余假期	-
Urlaubsanspruch	noun	m	休假权	-
Urlaubsantrag	noun	m	休假申请	-
Urlaubssperre	noun	f	禁休期	-
Sabbatical	noun	n	长期休假	-
Gleitzeit	noun	f	弹性工作制	-
Kernarbeitszeit	noun	f	核心工作时段	-
Vertrauensarbeitszeit	noun	f	信任工时制（不打卡）	-
Arbeitszeitkonto	noun	n	工时账户	-
Zeiterfassung	noun	f	考勤记录	-
Stechuhr	noun	f	打卡钟	-
Überstunde	noun	f	加班（小时）	-
Mehrarbeit	noun	f	额外工作；加班	-
Schicht	noun	f	班次	-
Homeoffice	noun	n	居家办公	-
Telearbeit	noun	f	远程办公	-
Präsenzpflicht	noun	f	到岗义务	-
Krankenstand	noun	m	病假率；病休状态	-
Arbeitsschutz	noun	m	劳动保护	-
Gefährdungsbeurteilung	noun	f	风险评估	-
Dienstreise	noun	f	出差	-
Reisekosten	noun	pl	差旅费	-
Spesen	noun	pl	差旅杂费	-
Verpflegungspauschale	noun	f	餐费补贴（定额）	-
Jobticket	noun	n	公司交通月票	-
Dienstwagen	noun	m	公司配车	-
Zuschuss	noun	m	补贴	-
Provision	noun	f	佣金	-
Gratifikation	noun	f	特别奖金	-
Gewinnbeteiligung	noun	f	利润分成	-
Aktienoption	noun	f	股票期权	-
Gehaltsabrechnung	noun	f	工资单	-
Bruttogehalt	noun	n	税前工资	-
Nettogehalt	noun	n	税后工资	-
Jahresgehalt	noun	n	年薪	-
Vergütung	noun	f	报酬	-
Entgelt	noun	n	工资；报酬	-
Gehaltserhöhung	noun	f	加薪	-
Gehaltsverhandlung	noun	f	薪资谈判	-
Gehaltsband	noun	n	薪资带宽	-
Lohnnebenkosten	noun	pl	附加人工成本	-
Sozialabgaben	noun	pl	社保缴费	-
Pflegeversicherung	noun	f	护理保险	-
Arbeitgeberanteil	noun	m	雇主承担部分	-
Abzug	noun	m	扣除	-
Vorschuss	noun	m	预支款	-
Sozialversicherungsausweis	noun	m	社保证	-
Aushilfe	noun	f	临时工	-
Honorar	noun	n	酬金；稿费	-
Tagessatz	noun	m	日费率	-
Firmenhandy	noun	n	公司手机	-
Dienstausweis	noun	m	工作证	-
Vertragsentwurf	noun	m	合同草案	-
Zusatzvereinbarung	noun	f	补充协议	-
Schwellenwert	noun	m	门槛值	-
Rechtsanspruch	noun	m	法定权利	-
Fehlverhalten	noun	n	不当行为	-
Loyalität	noun	f	忠诚	-
Arbeitszeitbetrug	noun	m	工时造假	-
Schwerbehinderung	noun	f	重度残疾	-
Arbeitsbescheinigung	noun	f	（离职）雇用证明	-
Gehaltsnachweis	noun	m	收入证明	-
Meldepflicht	noun	f	报告义务	-
Verbeamtung	noun	f	转为公务员	-
Geschäftsführung	noun	f	管理层；总经理	-
Geschäftsführer	noun	m	总经理	-
Vorstand	noun	m	董事会（执行）	-
Aufsichtsrat	noun	m	监事会	-
Anteilseigner	noun	m	股东	-
Führungskraft	noun	f	管理人员	-
Abteilungsleiter	noun	m	部门经理	-
Bereichsleiter	noun	m	事业部负责人	-
Teamleiter	noun	m	组长	-
Vorgesetzte	noun	m	上司	-
Assistenz	noun	f	助理（职位）	-
Referent	noun	m	专员；报告人	-
Fachbereich	noun	m	专业部门	-
Ressort	noun	n	分管领域	-
Stabsstelle	noun	f	参谋部门	-
Personalabteilung	noun	f	人事部	-
Personalleiter	noun	m	人事经理	-
Personalentwicklung	noun	f	人才发展	-
Personalakte	noun	f	人事档案	-
Personalbestand	noun	m	员工人数	-
Belegschaft	noun	f	全体员工	-
Hierarchie	noun	f	层级；等级制	-
Matrixorganisation	noun	f	矩阵式组织	-
Aufgabenbereich	noun	m	工作范围	-
Befugnis	noun	f	权限	-
Weisung	noun	f	指令	-
Berichtslinie	noun	f	汇报线	-
Tochtergesellschaft	noun	f	子公司	-
Muttergesellschaft	noun	f	母公司	-
Konzern	noun	m	集团公司	-
Mittelstand	noun	m	中小企业（群体）	-
Mittelständler	noun	m	中型企业	-
Start-up	noun	n	初创公司	-
Umstrukturierung	noun	f	重组	-
Betriebsübergang	noun	m	企业转让（劳动关系随转）	-
Auftragnehmer	noun	m	承接方；乙方	-
Laufbahn	noun	f	职业道路	-
Karriereleiter	noun	f	职业阶梯	-
Aufstieg	noun	m	晋升；上升	-
Beförderung	noun	f	晋升	-
Aufstiegschance	noun	f	晋升机会	-
Perspektive	noun	f	前景；视角	-
Fachlaufbahn	noun	f	专业技术通道	-
Nachfolge	noun	f	继任	-
Nachfolger	noun	m	继任者	-
Nachfolgeplanung	noun	f	继任计划	-
Potenzial	noun	n	潜力	-
Leistungsträger	noun	m	业务骨干	-
Mitarbeitergespräch	noun	n	员工面谈	-
Zielvereinbarung	noun	f	目标协议	-
Zielerreichung	noun	f	目标达成	-
Kennzahl	noun	f	指标；KPI	-
Leistungsbereitschaft	noun	f	进取心；工作意愿	-
Beurteilung	noun	f	评价；评定	-
Mentor	noun	m	导师	-
Schulung	noun	f	培训	-
Zusatzqualifikation	noun	f	附加资质	-
Branchenwechsel	noun	m	转行	-
Sackgasse	noun	f	死胡同；没出路	-
Arbeitsbelastung	noun	f	工作负荷	-
Auslastung	noun	f	负荷率；利用率	-
Engpass	noun	m	瓶颈；短缺	-
Termindruck	noun	m	赶期限的压力	-
Vereinbarkeit	noun	f	（工作与家庭）兼顾	-
Unternehmenskultur	noun	f	企业文化	-
Diskriminierung	noun	f	歧视	-
Chancengleichheit	noun	f	机会均等	-
Vielfalt	noun	f	多样性	-
Inklusion	noun	f	包容；融合	-
Frauenquote	noun	f	女性配额	-
Betriebsfeier	noun	f	公司聚会	-
Teambuilding	noun	n	团建	-
Flurfunk	noun	m	小道消息	-
Einzelkämpfer	noun	m	独行侠	-
Teamplayer	noun	m	有团队精神的人	-
Smalltalk	noun	m	寒暄；闲聊	-
Kaffeeküche	noun	f	茶水间	-
Großraumbüro	noun	n	开放式办公室	-
Rücksprache	noun	f	商量；沟通	-
Protokoll	noun	n	会议记录	-
Telefonkonferenz	noun	f	电话会议	-
Rundmail	noun	f	群发邮件	-
Meinungsverschiedenheit	noun	f	意见分歧	-
Reibereien	noun	pl	摩擦	-
Machtkampf	noun	m	权力斗争	-
Kritikgespräch	noun	n	批评谈话	-
Personalgespräch	noun	n	人事谈话	-
Austrittsgespräch	noun	n	离职面谈	-
Ausscheiden	noun	n	离职	-
Dienstalter	noun	n	工龄	-
Ruhestand	noun	m	退休	-
Arbeitsauftrag	noun	m	工作任务	-
Funktion	noun	f	职能；职务	-
Tagesgeschäft	noun	n	日常业务	-
Mehraufwand	noun	m	额外工作量	-
Budget	noun	n	预算	-
Wirtschaftlichkeit	noun	f	经济效益	-
Produktivität	noun	f	生产率	-
Meilenstein	noun	m	里程碑	-
Projektleitung	noun	f	项目管理；项目负责人	-
Lenkungsausschuss	noun	m	指导委员会	-
Vertrauensperson	noun	f	信任代表人	-
Ansprechpartner	noun	m	联系人；对接人	-
Anlaufstelle	noun	f	联络处；求助点	-
Arbeitsteilung	noun	f	分工	-
Aufgabenverteilung	noun	f	任务分配	-
Zielkonflikt	noun	m	目标冲突	-
Verbesserungsvorschlag	noun	m	改进建议	-
Stellenwert	noun	m	重要性；地位	-
bewerben	verb	-	申请（职位）	sich ~ um + A.
ausschreiben	verb	-	公开招聘	-
besetzen	verb	-	填补（职位）	-
einstellen	verb	-	录用；雇用	-
rekrutieren	verb	-	招聘	-
einarbeiten	verb	-	带新人上手；熟悉业务	sich ~ in + A.
eignen	verb	-	适合	sich ~ für + A.
entfristen	verb	-	转为无固定期限	-
abmahnen	verb	-	书面警告	-
eingruppieren	verb	-	定薪级	-
vergüten	verb	-	支付报酬	-
abziehen	verb	-	扣除	-
aufstocken	verb	-	增加；补足	-
abfeiern	verb	-	调休（补加班）	-
abbummeln	verb	-	调休（口语）	-
einstempeln	verb	-	上班打卡	-
erfassen	verb	-	记录；录入	-
anlernen	verb	-	教会（新手）	-
delegieren	verb	-	委派	-
beauftragen	verb	-	委托	-
priorisieren	verb	-	排优先级	-
eskalieren	verb	-	升级上报；激化	-
abstimmen	verb	-	协调一致	sich ~ mit + D.
zuarbeiten	verb	-	打下手；配合	~ + Dat.
beitragen	verb	-	贡献	zu + D.
überwachen	verb	-	监控	-
beurteilen	verb	-	评价	-
einschätzen	verb	-	估计；评估	-
festlegen	verb	-	确定	-
anstoßen	verb	-	发起；推动	-
optimieren	verb	-	优化	-
umstrukturieren	verb	-	重组	-
fusionieren	verb	-	合并	-
aufsteigen	verb	-	升职	-
etablieren	verb	-	站稳脚跟	sich ~
weiterentwickeln	verb	-	成长；发展	sich ~
einbringen	verb	-	投入；贡献自己	sich ~
zurücktreten	verb	-	辞职（高层）	-
antreten	verb	-	就任；开始（工作）	-
bestreiken	verb	-	对…罢工	-
mitbestimmen	verb	-	共同决定	-
belangen	verb	-	追究（责任）	-
benachteiligen	verb	-	亏待；歧视	-
bevorzugen	verb	-	偏袒；偏爱	-
einschleimen	verb	-	拍马屁	sich ~ bei + D.
verzetteln	verb	-	精力分散	sich ~
stemmen	verb	-	扛下；撑起	-
wuppen	verb	-	搞定（口语）	-
duzen	verb	-	用 du 称呼	-
siezen	verb	-	用 Sie 称呼	-
einbinden	verb	-	纳入；让…参与	-
zurückmelden	verb	-	给回复；报到	sich ~
moderieren	verb	-	主持	-
dokumentieren	verb	-	记录存档	-
einberufen	verb	-	召集	-
absegnen	verb	-	批准（口语）	-
abzeichnen	verb	-	签字确认	-
gegenzeichnen	verb	-	会签；副署	-
unterfordern	verb	-	大材小用	-
fördern	verb	-	培养；扶持	-
coachen	verb	-	辅导	-
gewähren	verb	-	给予	-
ausschöpfen	verb	-	用尽	-
sondieren	verb	-	试探	-
akquirieren	verb	-	争取（客户）	-
verantworten	verb	-	对…负责	-
zuordnen	verb	-	归入；分配给	-
malochen	verb	-	干苦活（口语）	-
schuften	verb	-	拼命干活	-
jobben	verb	-	打零工	-
widmen	verb	-	致力于	sich ~ + Dat.
verplanen	verb	-	排满（日程）	-
takten	verb	-	排紧节奏	-
abspeisen	verb	-	敷衍打发	mit + D.
durchboxen	verb	-	强行通过	-
kleinreden	verb	-	贬低	-
schönreden	verb	-	粉饰	-
übergehen	verb	-	越过；忽视	-
ausbooten	verb	-	排挤出局	-
kaltstellen	verb	-	架空	-
wegloben	verb	-	明升暗降	-
einspannen	verb	-	拉来干活	-
aufteilen	verb	-	分配；分摊	-
zurückfahren	verb	-	缩减	-
verankern	verb	-	写入（规定）	-
ahnden	verb	-	惩处	-
geringfügig	adj	-	少量的；（工作）低薪的	-
sozialversicherungspflichtig	adj	-	须缴社保的	-
tariflich	adj	-	按劳资协议的	-
übertariflich	adj	-	高于协议标准的	-
außertariflich	adj	-	不受劳资协议约束的	-
leistungsbezogen	adj	-	与绩效挂钩的	-
erfolgsabhängig	adj	-	与业绩挂钩的	-
außerordentlich	adj	-	特别的；非常规的	-
betriebsbedingt	adj	-	因经营原因的	-
verhaltensbedingt	adj	-	因个人行为的	-
personenbedingt	adj	-	因个人原因的	-
berufstätig	adj	-	在职的	-
selbstständig	adj	-	自雇的；独立的	-
freiberuflich	adj	-	自由职业的	-
nebenberuflich	adj	-	兼职的	-
hauptberuflich	adj	-	专职的	-
ehrenamtlich	adj	-	志愿的；义务的	-
kaufmännisch	adj	-	商务的	-
hierarchisch	adj	-	等级分明的	-
flach	adj	-	扁平的（层级）	-
bereichsübergreifend	adj	-	跨部门的	-
interdisziplinär	adj	-	跨学科的	-
zielorientiert	adj	-	目标导向的	-
ergebnisorientiert	adj	-	结果导向的	-
eigenverantwortlich	adj	-	自主负责的	-
teamfähig	adj	-	有团队精神的	-
kommunikationsstark	adj	-	沟通能力强的	-
durchsetzungsstark	adj	-	有魄力的	-
kompetent	adj	-	胜任的；内行的	-
überqualifiziert	adj	-	资历过高的	-
unterbezahlt	adj	-	薪水偏低的	-
überlastet	adj	-	超负荷的	-
ausgelastet	adj	-	满负荷的	-
loyal	adj	-	忠诚的	-
dienstlich	adj	-	公务的；工作上的	-
außerdienstlich	adj	-	工作之外的	-
betrieblich	adj	-	企业的；公司内的	-
innerbetrieblich	adj	-	公司内部的	-
hybrid	adj	-	混合的（办公）	-
ortsunabhängig	adj	-	不受地点限制的	-
beitragspflichtig	adj	-	须缴费的	-
mitbestimmungspflichtig	adj	-	须经职工委员会同意的	-
weisungsgebunden	adj	-	须听从指令的	-
weisungsbefugt	adj	-	有权下达指令的	-
zeichnungsberechtigt	adj	-	有签字权的	-
fachlich	adj	-	专业上的	-
kommissarisch	adj	-	代理的；临时的	-
ausschlaggebend	adj	-	决定性的	-
unterstellt	adj	-	隶属于	~ + Dat.
beurlaubt	adj	-	休假中的；停职的	-
freigestellt	adj	-	被免除工作的	-
unbezahlt	adj	-	无薪的	-
diskriminierend	adj	-	歧视性的	-
divers	adj	-	多元的	-
inklusiv	adj	-	包容的	-
wertschätzend	adj	-	尊重人的	-
konfliktscheu	adj	-	回避冲突的	-
konfliktfähig	adj	-	善于处理冲突的	-
opportunistisch	adj	-	投机的	-
karriereorientiert	adj	-	事业心强的	-
ehrgeizig	adj	-	有野心的；上进的	-
strebsam	adj	-	勤奋上进的	-
souverän	adj	-	从容自信的	-
diplomatisch	adj	-	圆融的；讲究分寸的	-
förmlich	adj	-	正式的；拘谨的	-
informell	adj	-	非正式的	-
angemessen	adj	-	恰当的；合理的	-
marktüblich	adj	-	符合市场行情的	-
branchenüblich	adj	-	行业通行的	-
wettbewerbsfähig	adj	-	有竞争力的	-
überdurchschnittlich	adj	-	高于平均的	-
unterdurchschnittlich	adj	-	低于平均的	-
vakant	adj	-	空缺的	-
einvernehmlich	adj	-	双方协商一致的	-
hinfällig	adj	-	失效的；作废的	-
unentschuldigt	adj	-	无故的（缺勤）	-
paritätisch	adj	-	对等的	-
frühestmöglich	adj	-	最早可能的	-
verhandlungssicher	adj	-	（语言）可用于商务谈判的	-
ganztags	adv	-	全天	-
halbtags	adv	-	半天	-
tageweise	adv	-	按天	-
