Tagesordnung	noun	f	议程	-
Tagesordnungspunkt	noun	m	议题；议程项	-
Protokollführer	noun	m	会议记录人	-
Besprechung	noun	f	会议；碰头会	-
Beschluss	noun	m	决议	-
Beschlussfassung	noun	f	形成决议	-
Abstimmung	noun	f	协调；表决	-
Rückmeldung	noun	f	反馈；回复	-
Verantwortlichkeit	noun	f	责任归属	-
Verzögerung	noun	f	延误	-
Stichtag	noun	m	截止日	-
Zeitrahmen	noun	m	时间框架	-
Terminplanung	noun	f	排期	-
Vorlaufzeit	noun	f	提前量；准备期	-
Puffer	noun	m	缓冲时间	-
Ressourcenplanung	noun	f	资源规划	-
Aufwand	noun	m	工作量；投入	-
Aufwandsschätzung	noun	f	工作量估算	-
Projektumfang	noun	m	项目范围	-
Lastenheft	noun	n	需求说明书	甲方写
Pflichtenheft	noun	n	功能规格书	乙方写
Abnahme	noun	f	验收	-
Abnahmekriterium	noun	n	验收标准	-
Liefertermin	noun	m	交付日期	-
Lieferumfang	noun	m	交付范围	-
Übergabe	noun	f	交接	-
Inbetriebnahme	noun	f	投入使用；上线	-
Umsetzung	noun	f	实施；落实	-
Machbarkeit	noun	f	可行性	-
Machbarkeitsstudie	noun	f	可行性研究	-
Risikobewertung	noun	f	风险评估	-
Rahmenbedingung	noun	f	框架条件	多用复数
Randbedingung	noun	f	约束条件	-
Stolperstein	noun	m	绊脚石	-
Lösungsansatz	noun	m	解决思路	-
Vorgehensweise	noun	f	做法；步骤	-
Arbeitspaket	noun	n	工作包	-
Teilaufgabe	noun	f	子任务	-
Arbeitsschritt	noun	m	工作步骤	-
Zwischenstand	noun	m	阶段性进展	-
Sachstand	noun	m	当前进展；现状	-
Statusbericht	noun	m	状态报告	-
Zwischenbericht	noun	m	中期报告	-
Abschlussbericht	noun	m	结项报告	-
Bestandsaufnahme	noun	f	现状盘点	-
Leistungskennzahl	noun	f	绩效指标；KPI	-
Zielvorgabe	noun	f	目标要求	-
Zielsetzung	noun	f	目标设定	-
Vorgabe	noun	f	规定；硬性要求	-
Richtlinie	noun	f	准则；规范	-
Leitfaden	noun	m	指南	-
Auftraggeber	noun	m	委托方；甲方	-
Stakeholder	noun	m	利益相关方	-
Entscheidungsträger	noun	m	决策者	-
Entscheidungsfindung	noun	f	决策过程	-
Entscheidungsgrundlage	noun	f	决策依据	-
Tragweite	noun	f	影响范围；分量	-
Priorisierung	noun	f	优先级排序	-
Dringlichkeit	noun	f	紧迫性	-
Eskalation	noun	f	升级上报	-
Freigabe	noun	f	批准；放行	-
Einverständnis	noun	n	同意；认可	-
Gegenvorschlag	noun	m	反提议	-
Gegenangebot	noun	n	还价；反报价	-
Verhandlungsspielraum	noun	m	谈判空间	-
Spielraum	noun	m	余地	-
Verhandlungsbasis	noun	f	谈判基础	-
Verhandlungsposition	noun	f	谈判立场	-
Schmerzgrenze	noun	f	底线	-
Knackpunkt	noun	m	症结；关键点	-
Streitpunkt	noun	m	争议点	-
Kernpunkt	noun	m	核心要点	-
Kernaussage	noun	f	核心观点	-
Sachverhalt	noun	m	事实情况	-
Sichtweise	noun	f	看法；视角	-
Einschätzung	noun	f	评估；判断	-
Stellungnahme	noun	f	表态；书面意见	-
Befürworter	noun	m	支持者	-
Bedenkenträger	noun	m	总唱反调的人	贬义
Kritikpunkt	noun	m	批评点	-
Anregung	noun	f	建议；启发	-
Anmerkung	noun	f	意见；备注	-
Feedbackgespräch	noun	n	反馈面谈	-
Verbesserungspotenzial	noun	n	改进空间	-
Schwachstelle	noun	f	薄弱环节	-
Unklarheit	noun	f	不明确之处	-
Klärungsbedarf	noun	m	有待澄清之处	-
Abstimmungsbedarf	noun	m	需要协调之处	-
Handlungsbedarf	noun	m	需要采取行动	-
Nachholbedarf	noun	m	有待补足之处	-
Handlungsempfehlung	noun	f	行动建议	-
Gegenmaßnahme	noun	f	应对措施	-
Sofortmaßnahme	noun	f	紧急措施	-
Folgemaßnahme	noun	f	后续措施	-
Entscheidungsbefugnis	noun	f	决策权	-
Weisungsbefugnis	noun	f	指挥权	-
Vorgesetzter	noun	m	上级	形容词变格
Stellvertreter	noun	m	代理人；副手	-
Urlaubsvertretung	noun	f	休假代班人	-
Abwesenheitsnotiz	noun	f	休假自动回复	-
Erreichbarkeit	noun	f	能否联系上	-
Verfügbarkeit	noun	f	有空；可用性	-
Terminanfrage	noun	f	约会议请求	-
Terminabsprache	noun	f	约定时间	-
Terminüberschneidung	noun	f	时间冲突	-
Terminverschiebung	noun	f	改期	-
Teilnehmerkreis	noun	m	参会范围	-
Gesprächsleitung	noun	f	会议主持	-
Wortmeldung	noun	f	举手发言	-
Redebeitrag	noun	m	发言	-
Diskussionsgrundlage	noun	f	讨论基础	-
Denkanstoß	noun	m	启发；思路	-
Ideensammlung	noun	f	集思广益	-
Klausurtagung	noun	f	闭门会；务虚会	-
Regeltermin	noun	m	例会	-
Auftaktveranstaltung	noun	f	启动会	-
Abschlussbesprechung	noun	f	总结会	-
Nachbesprechung	noun	f	复盘会	-
Nachbereitung	noun	f	会后跟进整理	-
Tischvorlage	noun	f	会上分发材料	-
Endfassung	noun	f	定稿	-
Überarbeitung	noun	f	修订	-
Korrekturschleife	noun	f	修改轮次	-
Foliensatz	noun	m	一套幻灯片	-
Gliederung	noun	f	提纲；结构	-
Schlussfolgerung	noun	f	结论；推论	-
Kernbotschaft	noun	f	核心信息	-
Schaubild	noun	n	图表；示意图	-
Veranschaulichung	noun	f	直观说明	-
Hochrechnung	noun	f	推算预测	-
Budgetrahmen	noun	m	预算框架	-
Ausschreibung	noun	f	招标	-
Vergabe	noun	f	发包；分配	-
Nachtrag	noun	m	补充协议；增补	-
Änderungsantrag	noun	m	变更申请	-
Änderungswunsch	noun	m	变更需求	-
Nacharbeit	noun	f	返工	-
Fehlerbehebung	noun	f	排错；修复	-
Zwischenfall	noun	m	意外事件	-
Ursachenanalyse	noun	f	根因分析	-
Nachverfolgung	noun	f	跟进	-
Wiedervorlage	noun	f	到期再提醒	-
Betreff	noun	m	邮件主题	-
Verteiler	noun	m	收件人列表	-
Anrede	noun	f	称呼	-
Grußformel	noun	f	结尾问候语	-
Schriftverkehr	noun	m	书面往来	-
Korrespondenz	noun	f	往来函件	-
Rundschreiben	noun	n	通函	-
Benachrichtigung	noun	f	通知；提醒	-
Bekanntgabe	noun	f	公布	-
Ankündigung	noun	f	预告；宣布	-
Auftragsbestätigung	noun	f	订单确认	-
Vermerk	noun	m	备注；批注	-
Aktennotiz	noun	f	备忘记录	-
Verbindlichkeit	noun	f	约束力；可靠	-
Nachvollziehbarkeit	noun	f	可追溯性	-
Rechenschaft	noun	f	交代；问责	-
Expertise	noun	f	专业能力	-
Fachwissen	noun	n	专业知识	-
Erfahrungswert	noun	m	经验值	-
Interessenkonflikt	noun	m	利益冲突	-
Vermittlung	noun	f	调解；居中协调	-
Vermittler	noun	m	调解人；中间人	-
Übereinkunft	noun	f	协议；共识	-
Absprache	noun	f	商定；约定	-
Schnittstelle	noun	f	接口；衔接点	-
Reibungsverlust	noun	m	内耗	-
Abstimmungsaufwand	noun	m	协调成本	-
Verzug	noun	m	延迟	-
Terminverzug	noun	m	进度延误	-
Planabweichung	noun	f	偏离计划	-
Kurskorrektur	noun	f	方向调整	-
Kerngeschäft	noun	n	核心业务	-
Dienstweg	noun	m	正式渠道	-
Rückendeckung	noun	f	撑腰；支持	-
Mitspracherecht	noun	n	发言权	-
Einbindung	noun	f	纳入；参与	-
Einarbeitung	noun	f	入职培训；熟悉业务	-
Wissenstransfer	noun	m	知识传递	-
Mehrwert	noun	m	附加价值	-
Tragfähigkeit	noun	f	可行性；承受力	-
Stellschraube	noun	f	调节手段	-
Hebel	noun	m	杠杆；抓手	-
Kernfrage	noun	f	核心问题	-
Grundsatzentscheidung	noun	f	原则性决定	-
Stimmungsbild	noun	n	意见倾向	-
Enthaltung	noun	f	弃权	-
Veto	noun	n	否决	-
Zurückhaltung	noun	f	保留；克制	-
Rückhalt	noun	m	支持；后盾	-
Zeitfenster	noun	n	时间窗口	-
Zeitverzug	noun	m	时间延误	-
Planungssicherheit	noun	f	计划确定性	-
Umsetzbarkeit	noun	f	可落地性	-
Fertigstellung	noun	f	完工；完成	-
Projektabschluss	noun	m	项目收尾	-
Projektauftrag	noun	m	项目任务书	-
Ist-Zustand	noun	m	现状	-
Soll-Zustand	noun	m	目标状态	-
Qualitätssicherung	noun	f	质量保证	-
Beschlussvorlage	noun	f	决议草案	-
Kompetenzgerangel	noun	n	争权；推诿	-
Doppelarbeit	noun	f	重复劳动	-
Gesprächsnotiz	noun	f	谈话记录	-
protokollieren	verb	-	记录；做纪要	-
vertagen	verb	-	延期（会议）	-
vorziehen	verb	-	提前；更倾向	-
ansetzen	verb	-	安排（会议）；估算	-
anberaumen	verb	-	安排（会议）	正式
zurückstellen	verb	-	暂缓；搁置	-
einigen	verb	-	达成一致	sich ~ auf + A.
beilegen	verb	-	平息（争端）；附上	-
billigen	verb	-	认可；批准	-
freigeben	verb	-	批准放行；发布	-
abwinken	verb	-	摆手拒绝	-
anzweifeln	verb	-	质疑	-
hinterfragen	verb	-	追问；反思	-
zugestehen	verb	-	承认；让与	-
bekräftigen	verb	-	重申；强调	-
hervorheben	verb	-	强调；突出	-
unterstreichen	verb	-	强调	-
verdeutlichen	verb	-	阐明	-
erläutern	verb	-	解释说明	-
darlegen	verb	-	阐述	-
ausführen	verb	-	详细阐述；执行	-
präzisieren	verb	-	说得更具体	-
konkretisieren	verb	-	具体化	-
veranschaulichen	verb	-	直观说明	-
resümieren	verb	-	总结	-
skizzieren	verb	-	概述	-
umreißen	verb	-	概述	-
vortragen	verb	-	做报告；陈述	-
referieren	verb	-	做报告	~ über + A.
aufgreifen	verb	-	接过话题；采纳	-
anknüpfen	verb	-	接着说；衔接	~ an + A.
ansprechen	verb	-	提及；谈到	-
anschneiden	verb	-	触及（话题）	-
abklären	verb	-	确认清楚	-
nachhalten	verb	-	跟进	-
nachfassen	verb	-	追问跟进	-
nachverfolgen	verb	-	跟进；追踪	-
hinzuziehen	verb	-	请来参与	-
unterrichten	verb	-	告知	~ über + A.
umformulieren	verb	-	改写措辞	-
redigieren	verb	-	审校编辑	-
gegenlesen	verb	-	帮忙审阅	-
terminieren	verb	-	定日期	-
budgetieren	verb	-	编预算	-
hochrechnen	verb	-	推算	-
eingrenzen	verb	-	缩小范围	-
gliedern	verb	-	分层；列提纲	-
bündeln	verb	-	整合	-
herunterbrechen	verb	-	拆解细化	~ auf + A.
umsetzen	verb	-	落实；实施	-
ausrollen	verb	-	推广上线	-
bereitstellen	verb	-	提供；部署	-
abarbeiten	verb	-	逐项处理	-
nacharbeiten	verb	-	返工	-
beheben	verb	-	修复；排除	-
nachjustieren	verb	-	微调	-
nachsteuern	verb	-	纠偏	-
gegensteuern	verb	-	采取对策	-
umpriorisieren	verb	-	重排优先级	-
umdisponieren	verb	-	另作安排	-
disponieren	verb	-	调配	-
einhalten	verb	-	遵守（期限）	-
aufholen	verb	-	追回进度	-
auffangen	verb	-	弥补；兜住	-
abfedern	verb	-	缓冲；减轻	-
gewichten	verb	-	权衡轻重	-
auswerten	verb	-	分析评估	-
ableiten	verb	-	推导	~ aus + D.
untermauern	verb	-	论证支撑	-
entkräften	verb	-	驳倒	-
widerlegen	verb	-	驳斥	-
positionieren	verb	-	表明立场	sich ~
enthalten	verb	-	弃权	sich ~
herausstellen	verb	-	结果表明	sich ~
erübrigen	verb	-	变得多余	sich ~
zuspitzen	verb	-	激化	sich ~
verständigen	verb	-	沟通；达成共识	sich ~ auf + A.
rückversichern	verb	-	再确认一下	sich ~
auseinandersetzen	verb	-	深入研究；争论	sich ~ mit + D.
eingehen	verb	-	回应；探讨	~ auf + A.
festzurren	verb	-	敲定	口语
finalisieren	verb	-	最终定稿	-
verwerfen	verb	-	否决；放弃	-
zusichern	verb	-	保证	-
gewährleisten	verb	-	确保	-
sicherstellen	verb	-	确保	-
obliegen	verb	-	属于…职责	~ + D.
auslagern	verb	-	外包	-
beeinträchtigen	verb	-	影响；损害	-
ausbremsen	verb	-	拖后腿	-
torpedieren	verb	-	蓄意破坏	-
entlasten	verb	-	减负	-
überlasten	verb	-	使超负荷	-
ausreizen	verb	-	用到极限	-
ausloten	verb	-	摸清；探明	-
einholen	verb	-	征求；赶上	-
spiegeln	verb	-	反映；复述	-
anregen	verb	-	建议；激发	-
nahelegen	verb	-	建议；暗示	~ + D.
appellieren	verb	-	呼吁	~ an + A.
signalisieren	verb	-	表示；示意	-
aufzeigen	verb	-	指出	-
hinweisen	verb	-	提示；指出	~ auf + A.
thematisieren	verb	-	提出讨论	-
vertiefen	verb	-	深入探讨	-
ausdiskutieren	verb	-	讨论透	-
durchsprechen	verb	-	逐一讨论	-
erörtern	verb	-	探讨	-
aufbereiten	verb	-	整理加工	-
ausarbeiten	verb	-	拟定；制定	-
nachbereiten	verb	-	会后整理	-
aufsetzen	verb	-	起草；搭建	-
vorantreiben	verb	-	推进	-
forcieren	verb	-	大力推进	-
straffen	verb	-	精简	-
ausstehend	adj	-	待定的；尚未完成	-
anstehend	adj	-	即将进行的	-
termingerecht	adj	-	按时的	-
dringlich	adj	-	紧迫的	-
vorrangig	adj	-	优先的	-
nachrangig	adj	-	次要的	-
maßgeblich	adj	-	决定性的；主导的	-
zielführend	adj	-	有效的；对路的	-
kontraproduktiv	adj	-	适得其反的	-
praktikabel	adj	-	切实可行的	-
machbar	adj	-	可行的	-
ambitioniert	adj	-	有野心的；目标高的	-
sportlich	adj	-	很紧（指排期）	口语
straff	adj	-	紧凑的	-
engmaschig	adj	-	密集的（跟进）	-
stichhaltig	adj	-	站得住脚的	-
schlüssig	adj	-	有逻辑的；有说服力	-
fundiert	adj	-	有根据的	-
tragfähig	adj	-	可行的；站得住的	-
strittig	adj	-	有争议的	-
unbedenklich	adj	-	无妨的	-
brisant	adj	-	敏感的	-
vertraulich	adj	-	机密的	-
federführend	adj	-	牵头负责的	-
befugt	adj	-	有权的	-
endgültig	adj	-	最终的	-
verbleibend	adj	-	剩余的	-
unabdingbar	adj	-	必不可少的	-
zwingend	adj	-	强制的；必须的	-
obsolet	adj	-	过时的	-
überholt	adj	-	过时的	-
sachlich	adj	-	客观的；就事论事	-
konstruktiv	adj	-	建设性的	-
lösungsorientiert	adj	-	以解决为导向的	-
ergebnisoffen	adj	-	不预设结论的	-
zielgerichtet	adj	-	有针对性的	-
strukturiert	adj	-	有条理的	-
prägnant	adj	-	简明扼要的	-
missverständlich	adj	-	易引起误解的	-
vage	adj	-	含糊的	-
kompromissbereit	adj	-	愿意妥协的	-
entgegenkommend	adj	-	通融的；客气的	-
einstimmig	adj	-	一致通过的	-
mehrheitlich	adj	-	多数的	-
termintreu	adj	-	按期交付的	-
zeitaufwendig	adj	-	费时的	-
ressourcenintensiv	adj	-	耗资源的	-
kostenintensiv	adj	-	成本高的	-
überschaubar	adj	-	可控的；有限的	-
absehbar	adj	-	可预见的	-
unvorhersehbar	adj	-	不可预见的	-
unerheblich	adj	-	无关紧要的	-
nebensächlich	adj	-	次要的	-
gravierend	adj	-	严重的	-
erheblich	adj	-	显著的；相当大	-
verbesserungswürdig	adj	-	有待改进的	-
ausbaufähig	adj	-	有提升空间的	委婉批评
proaktiv	adj	-	主动的	-
abteilungsübergreifend	adj	-	跨部门的	-
verhandelbar	adj	-	可谈的	-
tragbar	adj	-	可承受的	-
beteiligt	adj	-	参与的	~ an + D.
diesbezüglich	adv	-	就此而言	-
zwischenzeitlich	adv	-	在此期间	-
schnellstmöglich	adv	-	尽快	-
anbei	adv	-	随附	-
beiliegend	adj	-	随附的	-
gegebenenfalls	adv	-	必要时	缩写 ggf.
tendenziell	adv	-	倾向上	-
sinngemäß	adv	-	大意上	-
stichpunktartig	adv	-	要点式地	-
hinsichtlich	other	-	关于	+ Gen.
