Umsatz	noun	m	营业额；销售额	-
Gewinnspanne	noun	f	利润率	-
Marge	noun	f	利润率；差价	-
Ertrag	noun	m	收益；产量	-
Erlös	noun	m	销售所得；收入	-
Einnahme	noun	f	收入	-
Ausgabe	noun	f	支出；开销	-
Kosten	noun	pl	成本；费用	-
Gemeinkosten	noun	pl	间接费用	-
Reingewinn	noun	m	净利润	-
Defizit	noun	n	赤字；不足	-
Überschuss	noun	m	盈余；顺差	-
Bilanz	noun	f	资产负债表；总结	-
Jahresabschluss	noun	m	年度决算	-
Geschäftsjahr	noun	n	财年	-
Geschäftsbericht	noun	m	年报	-
Quartal	noun	n	季度	-
Prognose	noun	f	预测	-
Liquidität	noun	f	流动性；偿付能力	-
Cashflow	noun	m	现金流	-
Insolvenz	noun	f	破产	-
Sanierung	noun	f	整顿；翻修	-
Fusion	noun	f	合并	-
Übernahme	noun	f	收购；接手	-
Beteiligung	noun	f	参股；参与	-
Aktie	noun	f	股票	-
Aktionär	noun	m	股东	-
Anleger	noun	m	投资者	-
Investition	noun	f	投资	-
Kapital	noun	n	资本	-
Zins	noun	m	利息	常用复数 Zinsen
Rate	noun	f	分期付款；比率	-
Verschuldung	noun	f	负债	-
Wertpapier	noun	n	有价证券	-
Börse	noun	f	证券交易所	-
Börsengang	noun	m	上市	-
Währung	noun	f	货币	-
Inflation	noun	f	通货膨胀	-
Konjunktur	noun	f	经济形势；景气	-
Aufschwung	noun	m	经济回升	-
Abschwung	noun	m	经济下行	-
Rezession	noun	f	经济衰退	-
Stagnation	noun	f	停滞	-
Flaute	noun	f	萧条；不景气	-
Boom	noun	m	繁荣；热潮	-
Wachstum	noun	n	增长	-
Bruttoinlandsprodukt	noun	n	国内生产总值	-
Haushalt	noun	m	预算；家庭	-
Etat	noun	m	预算	-
Staatsverschuldung	noun	f	国家负债	-
Schuldenbremse	noun	f	债务刹车	-
Subvention	noun	f	补贴	-
Förderung	noun	f	资助；扶持	-
Einkommensteuer	noun	f	个人所得税	-
Abgabe	noun	f	税费；上交	-
Abschreibung	noun	f	折旧	-
Rückstellung	noun	f	准备金；预提	-
Buchhaltung	noun	f	会计；账务部门	-
Wirtschaftsprüfer	noun	m	审计师	-
Aufschlag	noun	m	加价；附加费	-
Kalkulation	noun	f	成本核算	-
Stundensatz	noun	m	小时费率	-
Nachfrage	noun	f	需求	-
Bedarf	noun	m	需求量；需要	-
Preisdruck	noun	m	价格压力	-
Absatz	noun	m	销量；销售	-
Vertrieb	noun	m	销售；分销	-
Einkauf	noun	m	采购；采购部	-
Beschaffung	noun	f	采购	-
Lieferant	noun	m	供应商	-
Zulieferer	noun	m	供货商；配套厂	-
Lieferkette	noun	f	供应链	-
Lagerbestand	noun	m	库存	-
Bestand	noun	m	存量；库存	-
Fracht	noun	f	货物；运费	-
Kundschaft	noun	f	顾客；客户群	-
Kundenbindung	noun	f	客户维系	-
Zielgruppe	noun	f	目标群体	-
Marktanteil	noun	m	市场份额	-
Marktführer	noun	m	市场领导者	-
Wettbewerb	noun	m	竞争	-
Wettbewerber	noun	m	竞争对手	-
Konkurrenz	noun	f	竞争；竞争对手	-
Wettbewerbsvorteil	noun	m	竞争优势	-
Wettbewerbsfähigkeit	noun	f	竞争力	-
Alleinstellungsmerkmal	noun	n	独特卖点	-
Marke	noun	f	品牌	-
Vermarktung	noun	f	营销；推向市场	-
Nische	noun	f	细分市场；空白市场	-
Produktpalette	noun	f	产品线	-
Portfolio	noun	n	投资组合；产品组合	-
Geschäftsmodell	noun	n	商业模式	-
Gesellschafter	noun	m	股东；合伙人	-
Gewerbe	noun	n	营业；行业	-
Niederlassung	noun	f	分公司；分支机构	-
Standort	noun	m	所在地；厂址	-
Freiberufler	noun	m	自由职业者	-
Branche	noun	f	行业	-
Sektor	noun	m	部门；领域	-
Dienstleister	noun	m	服务商	-
Verbraucher	noun	m	消费者	-
Handel	noun	m	贸易；商业	-
Ausfuhr	noun	f	出口	-
Einfuhr	noun	f	进口	-
Binnenmarkt	noun	m	国内市场；内部市场	-
Monopol	noun	n	垄断	-
Kartell	noun	n	卡特尔；价格联盟	-
Preisgestaltung	noun	f	定价	-
Preisverfall	noun	m	价格暴跌	-
Wertschöpfung	noun	f	价值创造；增加值	-
Rentabilität	noun	f	盈利能力	-
Kapazität	noun	f	产能；容量	-
Fachkräftemangel	noun	m	专业人才短缺	-
Kurzarbeit	noun	f	短时工作制	-
Mitbestimmung	noun	f	共同决策权	-
Stellenabbau	noun	m	裁员	-
Wohlstand	noun	m	富裕；繁荣	-
Umverteilung	noun	f	再分配	-
Strukturwandel	noun	m	结构转型	-
Spekulation	noun	f	投机	-
Anlage	noun	f	投资；设施	-
Bestimmung	noun	f	规定；条款	-
Paragraf	noun	m	条；条款	-
Vereinbarung	noun	f	约定；协议	-
Abkommen	noun	n	协定	-
Rahmenvertrag	noun	m	框架合同	-
Gegenleistung	noun	f	对价；回报	-
Erfüllung	noun	f	履行	-
Prokura	noun	f	全权代理权	-
Klage	noun	f	起诉；诉讼	-
Rechtsstreit	noun	m	法律纠纷	-
Vergleich	noun	m	和解；比较	-
Schiedsgericht	noun	n	仲裁庭	-
Rechtsgrundlage	noun	f	法律依据	-
Verordnung	noun	f	条例；法规	-
Vorschrift	noun	f	规定；规章	-
Auflage	noun	f	附加条件；印数	-
Lizenz	noun	f	许可证；授权	-
Urheberrecht	noun	n	版权	-
Eigentum	noun	n	所有权；财产	-
Verstoß	noun	m	违反	~ gegen + Akk.
Ordnungswidrigkeit	noun	f	违规行为	-
Sanktion	noun	f	制裁；处罚	-
Untreue	noun	f	背信；侵占	-
Bestechung	noun	f	行贿；受贿	-
Geldwäsche	noun	f	洗钱	-
Compliance	noun	f	合规	-
Datenschutz	noun	m	数据保护	-
Datenschutz-Grundverordnung	noun	f	通用数据保护条例	简称 DSGVO
Auftragsverarbeitung	noun	f	委托数据处理	-
Datenpanne	noun	f	数据泄露事件	-
Auskunftsrecht	noun	n	查询权；知情权	-
Aufbewahrungsfrist	noun	f	保存期限	-
Zweckbindung	noun	f	目的限定	-
Datenminimierung	noun	f	数据最小化	-
Verschlüsselung	noun	f	加密	-
Aufsichtsbehörde	noun	f	监管机构	-
Audit	noun	n	审计；审核	-
Hinweisgeber	noun	m	举报人	-
Sorgfaltspflicht	noun	f	注意义务	-
Fahrlässigkeit	noun	f	过失	-
Entlastungspaket	noun	n	减负方案	-
Konjunkturpaket	noun	n	经济刺激方案	-
Interessenverband	noun	m	利益团体	-
Kammer	noun	f	商会；议院	-
Abwanderung	noun	f	外迁；流失	-
Regulierung	noun	f	监管	-
Privatisierung	noun	f	私有化	-
Marktwirtschaft	noun	f	市场经济	-
Einbruch	noun	m	暴跌；骤降	-
Rückgang	noun	m	下降	-
Erhebung	noun	f	调查；征收	-
Quote	noun	f	比率；配额	-
investieren	verb	-	投资	~ in + Akk.
bilanzieren	verb	-	编资产负债表；总结	-
belaufen	verb	-	总计达	sich ~ auf + Akk.
erwirtschaften	verb	-	赚取；创造(利润)	-
erzielen	verb	-	取得(收益)	-
steigern	verb	-	提升	-
ankurbeln	verb	-	刺激(经济)	-
kürzen	verb	-	削减	-
dämpfen	verb	-	抑制；减缓	-
stagnieren	verb	-	停滞	-
schrumpfen	verb	-	萎缩	-
wegbrechen	verb	-	流失；崩掉	-
abflauen	verb	-	减弱；回落	-
boomen	verb	-	繁荣；火爆	-
florieren	verb	-	兴旺	-
expandieren	verb	-	扩张	-
beteiligen	verb	-	参股；参与	sich ~ an + Dat.
beschaffen	verb	-	采购；弄到	-
beliefern	verb	-	供货给	-
vertreiben	verb	-	销售；分销	-
vermarkten	verb	-	营销	-
erschließen	verb	-	开拓(市场)	-
verklagen	verb	-	起诉	-
einklagen	verb	-	起诉索取	-
verpflichten	verb	-	使负有义务	sich ~ zu
nachkommen	verb	-	履行；照办	~ + Dat.
verstoßen	verb	-	违反	~ gegen + Akk.
zuwiderhandeln	verb	-	违反	~ + Dat.
missachten	verb	-	无视	-
verhängen	verb	-	处以(罚款)	-
sanktionieren	verb	-	制裁	-
subventionieren	verb	-	补贴	-
besteuern	verb	-	征税	-
abwälzen	verb	-	转嫁	~ auf + Akk.
deckeln	verb	-	设上限	-
privatisieren	verb	-	私有化	-
verstaatlichen	verb	-	国有化	-
prognostizieren	verb	-	预测	-
verarbeiten	verb	-	处理	-
verschlüsseln	verb	-	加密	-
anonymisieren	verb	-	匿名化	-
offenlegen	verb	-	公开；披露	-
weitergeben	verb	-	转交；外传	-
zertifizieren	verb	-	认证	-
wirtschaften	verb	-	经营；理财	-
spekulieren	verb	-	投机	-
pleitegehen	verb	-	破产	-
erwerben	verb	-	购得；获得	-
veräußern	verb	-	出售；转让	-
abtreten	verb	-	转让(权利)	-
abwerben	verb	-	挖走(人才)	-
konkurrieren	verb	-	竞争	-
unterbieten	verb	-	压价(低于)	-
dominieren	verb	-	主导	-
skalieren	verb	-	规模化	-
monetarisieren	verb	-	变现	-
rationalisieren	verb	-	精简；合理化	-
bestechen	verb	-	贿赂	-
veruntreuen	verb	-	挪用；侵占	-
fälschen	verb	-	伪造	-
aufdecken	verb	-	揭露	-
ermitteln	verb	-	调查；查明	-
unterliegen	verb	-	受…约束	~ + Dat.
profitabel	adj	-	盈利的	-
lukrativ	adj	-	利润丰厚的	-
gewinnbringend	adj	-	赚钱的	-
ertragreich	adj	-	收益高的	-
defizitär	adj	-	亏损的	-
wirtschaftlich	adj	-	经济的；节约的	-
kostengünstig	adj	-	成本低的	-
unentgeltlich	adj	-	免费的；无偿的	-
marktführend	adj	-	市场领先的	-
marktbeherrschend	adj	-	占市场支配地位的	-
zahlungsfähig	adj	-	有支付能力的	-
zollfrei	adj	-	免关税的	-
vertragsgemäß	adj	-	按合同的	-
rechtskräftig	adj	-	生效的(判决)	-
rechtmäßig	adj	-	合法的	-
strafbar	adj	-	应受处罚的	-
vorsätzlich	adj	-	故意的	-
datenschutzkonform	adj	-	符合数据保护的	-
datenschutzrechtlich	adj	-	数据保护法上的	-
personenbezogen	adj	-	涉及个人的	-
konform	adj	-	合规的；一致的	-
kaufkräftig	adj	-	购买力强的	-
volkswirtschaftlich	adj	-	国民经济的	-
betriebswirtschaftlich	adj	-	企业经营的	-
konjunkturell	adj	-	经济景气方面的	-
inflationär	adj	-	通胀的	-
kapitalintensiv	adj	-	资本密集的	-
arbeitsintensiv	adj	-	劳动密集的	-
mittelständisch	adj	-	中型企业的	-
börsennotiert	adj	-	上市的	-
kundenorientiert	adj	-	以客户为导向的	-
gewinnorientiert	adj	-	以营利为目的的	-
gemeinnützig	adj	-	公益的；非营利的	-
unternehmerisch	adj	-	企业家的	-
wirksam	adj	-	有效的	-
realisierbar	adj	-	可实现的	-
prekär	adj	-	不稳定的；岌岌可危的	-
krisenfest	adj	-	抗危机的	-
rückläufig	adj	-	下降的	-
volatil	adj	-	波动大的	-
spekulativ	adj	-	投机性的	-
solide	adj	-	稳健的；可靠的	-
sozialverträglich	adj	-	社会可承受的	-
saisonbereinigt	adj	-	经季节调整的	-
inflationsbereinigt	adj	-	扣除通胀的	-
