Anforderung	noun	f	需求	-
Zweig	noun	m	分支	-
Lastverteilung	noun	f	负载均衡	-
Absturz	noun	m	崩溃	-
Umgebung	noun	f	环境	-
Bereitstellung	noun	f	部署；交付	-
Wartbarkeit	noun	f	可维护性	-
Lesbarkeit	noun	f	可读性	-
Skalierbarkeit	noun	f	可扩展性	-
Ausfallsicherheit	noun	f	容错性；高可用	-
Erweiterbarkeit	noun	f	可扩展性（功能）	-
Testbarkeit	noun	f	可测试性	-
Benutzerfreundlichkeit	noun	f	易用性	-
Durchsatz	noun	m	吞吐量	-
Antwortzeit	noun	f	响应时间	-
Arbeitsspeicher	noun	m	内存	-
Speicherleck	noun	n	内存泄漏	-
Rechenzentrum	noun	n	数据中心	-
Rechenleistung	noun	f	算力	-
Abfrage	noun	f	查询	-
Datensatz	noun	m	记录	-
Fremdschlüssel	noun	m	外键	-
Primärschlüssel	noun	m	主键	-
Schlüssel	noun	m	键；密钥	-
Zeichenkette	noun	f	字符串	-
Ganzzahl	noun	f	整数	-
Gleitkommazahl	noun	f	浮点数	-
Rückgabewert	noun	m	返回值	-
Aufruf	noun	m	调用	-
Schleife	noun	f	循环	-
Verzweigung	noun	f	条件分支	-
Ausnahme	noun	f	异常	-
Ausnahmebehandlung	noun	f	异常处理	-
Fehlermeldung	noun	f	错误信息	-
Protokollierung	noun	f	日志记录	-
Überwachung	noun	f	监控	-
Warnmeldung	noun	f	告警	-
Zeitüberschreitung	noun	f	超时	-
Wiederholungsversuch	noun	m	重试	-
Warteschlange	noun	f	队列	-
Stapel	noun	m	栈；批次	-
Knoten	noun	m	节点	-
Zeiger	noun	m	指针	-
Verweis	noun	m	引用	-
Vererbung	noun	f	继承	-
Kapselung	noun	f	封装	-
Entwurfsmuster	noun	n	设计模式	-
Baustein	noun	m	组件；模块	-
Dienst	noun	m	服务	-
Oberfläche	noun	f	界面	-
Benutzeroberfläche	noun	f	用户界面	-
Eingabefeld	noun	n	输入框	-
Schaltfläche	noun	f	按钮	-
Auswahlliste	noun	f	下拉列表	-
Darstellung	noun	f	显示；呈现	-
Endgerät	noun	n	终端设备	-
Aufrufer	noun	m	调用方	-
Auslöser	noun	m	触发器	-
Nebenläufigkeit	noun	f	并发	-
Sperre	noun	f	锁	-
Verklemmung	noun	f	死锁	-
Wettlaufsituation	noun	f	竞态条件	-
Zustand	noun	m	状态	-
Zwischenspeicher	noun	m	缓存	-
Quellcode	noun	m	源代码	-
Codebasis	noun	f	代码库	-
Bezeichner	noun	m	标识符	-
Namensraum	noun	m	命名空间	-
Paketverwaltung	noun	f	包管理	-
Entwicklungsumgebung	noun	f	开发环境；IDE	-
Laufzeitumgebung	noun	f	运行时环境	-
Ausführung	noun	f	执行	-
Fachlichkeit	noun	f	业务领域；业务逻辑	-
Geschäftslogik	noun	f	业务逻辑	-
Anwendungsfall	noun	m	用例	-
Umfang	noun	m	范围	-
Auslieferung	noun	f	交付	-
Versionsverwaltung	noun	f	版本管理	-
Zusammenführung	noun	f	合并	-
Hauptzweig	noun	m	主分支	-
Kennung	noun	f	标识；账号	-
Zugriff	noun	m	访问	-
Berechtigung	noun	f	权限	-
Anmeldedaten	noun	pl	登录凭据	-
Kennwort	noun	n	密码	-
Sicherheitslücke	noun	f	安全漏洞	-
Wiederherstellung	noun	f	恢复	-
Wartungsfenster	noun	n	维护窗口	-
Umstellung	noun	f	切换；迁移	-
Altsystem	noun	n	遗留系统	-
Altlast	noun	f	历史包袱；技术债	-
Rückwärtskompatibilität	noun	f	向后兼容性	-
Verbindungsabbruch	noun	m	连接中断	-
Bandbreite	noun	f	带宽	-
Weiterleitung	noun	f	转发	-
Lastspitze	noun	f	负载峰值	-
Hochverfügbarkeit	noun	f	高可用	-
Spiegelung	noun	f	镜像（复制）	-
Abbild	noun	n	镜像（image）	-
Produktivumgebung	noun	f	生产环境	-
Testumgebung	noun	f	测试环境	-
Konfigurationsdatei	noun	f	配置文件	-
Umgebungsvariable	noun	f	环境变量	-
Codeüberprüfung	noun	f	代码审查	-
Änderungsvorschlag	noun	m	修改建议	-
Stilrichtlinie	noun	f	代码规范	-
Namenskonvention	noun	f	命名规范	-
Voreinstellung	noun	f	默认设置	-
Regressionstest	noun	m	回归测试	-
Testfall	noun	m	测试用例	-
Abdeckung	noun	f	覆盖率	-
Attrappe	noun	f	模拟对象（mock）	-
Platzhalter	noun	m	占位符	-
Zusicherung	noun	f	断言	-
Fehlschlag	noun	m	失败	-
Fehlersuche	noun	f	排错；调试	-
Fehlerbild	noun	n	故障现象	-
Folgefehler	noun	m	连带错误	-
Seiteneffekt	noun	m	副作用	-
Randfall	noun	m	边界情况	-
Aufrufstapel	noun	m	调用栈	-
Haltepunkt	noun	m	断点	-
Speicherauszug	noun	m	内存转储	-
Reproduzierbarkeit	noun	f	可复现性	-
Umgehungslösung	noun	f	绕过方案	-
Notlösung	noun	f	权宜之计	-
Umbau	noun	m	重构；改造	-
Refaktorisierung	noun	f	重构	-
Funktionalität	noun	f	功能	-
Merkmal	noun	n	特性	-
Anpassung	noun	f	调整；定制	-
Muster	noun	n	模式；样例	-
Grundgerüst	noun	n	骨架；基本框架	-
Gerüst	noun	n	脚手架	-
Arbeitsablauf	noun	m	工作流	-
Vorgehensmodell	noun	n	开发模型	-
Paarprogrammierung	noun	f	结对编程	-
Entwurf	noun	m	设计；草案	-
Abwägung	noun	f	权衡	-
Einschränkung	noun	f	限制	-
Voraussetzung	noun	f	前提条件	-
Vorbedingung	noun	f	前置条件	-
Nachbedingung	noun	f	后置条件	-
Annahme	noun	f	假设	-
Auswirkung	noun	f	影响	-
Kopplung	noun	f	耦合	-
Entkopplung	noun	f	解耦	-
Wiederverwendbarkeit	noun	f	可复用性	-
Wiederverwendung	noun	f	复用	-
Doppelung	noun	f	重复（代码）	-
Datenfluss	noun	m	数据流	-
Datenhaltung	noun	f	数据存储	-
Datenverlust	noun	m	数据丢失	-
Datenbestand	noun	m	现有数据	-
Stammdaten	noun	pl	主数据	-
Bewegungsdaten	noun	pl	交易数据；流水数据	-
Zeitstempel	noun	m	时间戳	-
Zeilenumbruch	noun	m	换行	-
Einrückung	noun	f	缩进	-
Schrägstrich	noun	m	斜杠	-
Tastenkombination	noun	f	快捷键	-
Bildschirmfoto	noun	n	截图	-
Zwischenablage	noun	f	剪贴板	-
Hintergrundprozess	noun	m	后台进程	-
Aufgabenplanung	noun	f	任务调度	-
Endpunkt	noun	m	端点	-
Abstraktionsschicht	noun	f	抽象层	-
Zwischenschicht	noun	f	中间层	-
Fachkonzept	noun	n	业务方案	-
Grobkonzept	noun	n	概要设计	-
Feinkonzept	noun	n	详细设计	-
Anforderungsanalyse	noun	f	需求分析	-
Rufbereitschaft	noun	f	值班（on-call）	-
Bereitschaftsdienst	noun	m	值班	-
Störungsmeldung	noun	f	故障报告	-
Vorfall	noun	m	事故（incident）	-
Nachbetrachtung	noun	f	事后复盘	-
Schadensbegrenzung	noun	f	止损	-
Notfallplan	noun	m	应急预案	-
Betrieb	noun	m	运维；运营	-
Mandantenfähigkeit	noun	f	多租户能力	-
Umbenennung	noun	f	重命名	-
Speicherplatz	noun	m	存储空间	-
Kontingent	noun	n	配额	-
Begrenzung	noun	f	限制；限流	-
Drosselung	noun	f	限流	-
Leerlauf	noun	m	空闲	-
Rückfallebene	noun	f	回退方案	-
Prüfsumme	noun	f	校验和	-
Laufzeitverhalten	noun	n	运行时行为	-
Abweichung	noun	f	偏差	-
Unstimmigkeit	noun	f	不一致	-
Plausibilitätsprüfung	noun	f	合理性校验	-
Überlauf	noun	m	溢出	-
Nullzeiger	noun	m	空指针	-
Endlosschleife	noun	f	死循环	-
Rundungsfehler	noun	m	舍入误差	-
Flüchtigkeitsfehler	noun	m	粗心错误	-
Versehen	noun	n	疏忽	-
zusammenführen	verb	-	合并（分支）	-
abstürzen	verb	-	崩溃	-
deployen	verb	-	部署	-
einspielen	verb	-	部署；打入（补丁）	-
veröffentlichen	verb	-	发布	-
entwerfen	verb	-	设计	-
abbilden	verb	-	映射；建模	-
einplanen	verb	-	排进计划	-
zerlegen	verb	-	拆解	-
zuweisen	verb	-	分配；赋值	-
überarbeiten	verb	-	修订；重写	-
umbauen	verb	-	重构；改造	-
refaktorisieren	verb	-	重构	-
anpassen	verb	-	调整；适配	-
hochziehen	verb	-	升级（版本）	-
abzweigen	verb	-	拉分支	-
zurücksetzen	verb	-	重置；回退	-
zurückrollen	verb	-	回滚	-
wiederherstellen	verb	-	恢复	-
sichern	verb	-	备份；保护	-
umbenennen	verb	-	重命名	-
einfügen	verb	-	插入；粘贴	-
auskommentieren	verb	-	注释掉	-
einrücken	verb	-	缩进	-
abfragen	verb	-	查询	-
auslesen	verb	-	读取	-
einlesen	verb	-	读入	-
umwandeln	verb	-	转换	-
berechtigen	verb	-	授权	-
abfangen	verb	-	捕获（异常）	-
unterdrücken	verb	-	抑制	-
hochskalieren	verb	-	扩容	-
herunterfahren	verb	-	关闭（系统）	-
hochfahren	verb	-	启动（系统）	-
abbrechen	verb	-	中止；取消	-
abschießen	verb	-	强杀（进程）	-
hängenbleiben	verb	-	卡住	-
puffern	verb	-	缓冲	-
zwischenspeichern	verb	-	缓存	-
vorhalten	verb	-	预留；保有	-
verbrauchen	verb	-	消耗	-
auslasten	verb	-	充分利用；占满	-
anmerken	verb	-	批注；指出	-
nachvollziehen	verb	-	理解；复盘思路	-
nachstellen	verb	-	复现（场景）	-
mocken	verb	-	打桩；mock	-
kapseln	verb	-	封装	-
entkoppeln	verb	-	解耦	-
abstrahieren	verb	-	抽象	-
überschreiben	verb	-	重写；覆盖	-
überladen	verb	-	重载	-
verknüpfen	verb	-	关联	-
verschachteln	verb	-	嵌套	-
durchlaufen	verb	-	遍历	-
vorgeben	verb	-	规定	-
voraussetzen	verb	-	以…为前提	-
veralten	verb	-	过时	-
stilllegen	verb	-	停用	-
rückfragen	verb	-	回问确认	-
betreiben	verb	-	运维；运营	-
entziehen	verb	-	收回（权限）	-
erteilen	verb	-	授予	-
zugreifen	verb	-	访问	~ auf + Akk.
anbinden	verb	-	对接	-
nachladen	verb	-	延迟加载	-
darstellen	verb	-	显示；呈现	-
ausblenden	verb	-	隐藏	-
einblenden	verb	-	显示出来	-
aufklappen	verb	-	展开	-
zuklappen	verb	-	折叠	-
überspringen	verb	-	跳过	-
aufräumen	verb	-	清理	-
bereinigen	verb	-	清理；清洗	-
verschlanken	verb	-	精简	-
abgleichen	verb	-	比对；同步	-
plausibilisieren	verb	-	做合理性校验	-
ausbauen	verb	-	扩建；扩展	-
lahmlegen	verb	-	使瘫痪	-
herabstufen	verb	-	降级	-
rückwärtskompatibel	adj	-	向后兼容的	-
abwärtskompatibel	adj	-	向下兼容的	-
wartbar	adj	-	可维护的	-
lesbar	adj	-	可读的	-
skalierbar	adj	-	可扩展的	-
verfügbar	adj	-	可用的	-
erreichbar	adj	-	可访问的	-
ausfallsicher	adj	-	容错的；高可用的	-
instabil	adj	-	不稳定的	-
fehleranfällig	adj	-	易出错的	-
performant	adj	-	高性能的	-
leistungsfähig	adj	-	性能强的	-
ressourcenschonend	adj	-	节省资源的	-
speicherintensiv	adj	-	占内存的	-
rechenintensiv	adj	-	计算密集的	-
erweiterbar	adj	-	可扩展的	-
testbar	adj	-	可测试的	-
reproduzierbar	adj	-	可复现的	-
nebenläufig	adj	-	并发的	-
blockierend	adj	-	阻塞的	-
threadsicher	adj	-	线程安全的	-
veraltet	adj	-	过时的	-
abgekündigt	adj	-	已宣布停用的	-
gängig	adj	-	常用的	-
etabliert	adj	-	成熟的；公认的	-
ausgereift	adj	-	成熟的	-
unausgereift	adj	-	不成熟的	-
quelloffen	adj	-	开源的	-
plattformunabhängig	adj	-	跨平台的	-
systemübergreifend	adj	-	跨系统的	-
teamübergreifend	adj	-	跨团队的	-
serverseitig	adj	-	服务端的	-
clientseitig	adj	-	客户端的	-
eingebettet	adj	-	嵌入式的	-
verteilt	adj	-	分布式的	-
gekapselt	adj	-	封装的	-
schlank	adj	-	精简的；轻量的	-
aufgebläht	adj	-	臃肿的	-
unübersichtlich	adj	-	混乱难读的	-
übersichtlich	adj	-	清晰的	-
selbsterklärend	adj	-	不言自明的	-
aussagekräftig	adj	-	有说明力的	-
mehrdeutig	adj	-	有歧义的	-
überflüssig	adj	-	多余的	-
verpflichtend	adj	-	必需的	-
automatisiert	adj	-	自动化的	-
flüchtig	adj	-	易失的	-
dauerhaft	adj	-	持久的	-
vorübergehend	adj	-	临时的	-
fehlend	adj	-	缺失的	-
schreibgeschützt	adj	-	只读的	-
unveränderlich	adj	-	不可变的	-
veränderlich	adj	-	可变的	-
geschützt	adj	-	受保护的	-
sicherheitskritisch	adj	-	安全攸关的	-
geschäftskritisch	adj	-	业务关键的	-
zeitkritisch	adj	-	时间敏感的	-
umsetzbar	adj	-	可实现的	-
nichtfunktional	adj	-	非功能性的	-
benutzerfreundlich	adj	-	易用的	-
widersprüchlich	adj	-	矛盾的	-
blockiert	adj	-	被阻塞的	-
lauffähig	adj	-	可运行的	-
einsatzbereit	adj	-	可投入使用的	-
angreifbar	adj	-	可被攻击的	-
abhängig	adj	-	依赖的	~ von + Dat.
eigenständig	adj	-	独立的；自主的	-
konfigurierbar	adj	-	可配置的	-
anpassbar	adj	-	可定制的	-
austauschbar	adj	-	可替换的	-
verschachtelt	adj	-	嵌套的	-
unsauber	adj	-	不规范的	-
fehlertolerant	adj	-	容错的	-
vorgelagert	adj	-	上游的	-
nachgelagert	adj	-	下游的	-
übergeordnet	adj	-	上级的；父级的	-
untergeordnet	adj	-	下级的；子级的	-
verwaist	adj	-	孤立的；无主的	-
hartkodiert	adj	-	硬编码的	-
ungenutzt	adj	-	未使用的	-
unerreichbar	adj	-	不可达的	-
standardmäßig	adv	-	默认地	-
schrittweise	adv	-	逐步地	-
nacheinander	adv	-	依次	-
testweise	adv	-	试验性地	-
stichprobenartig	adv	-	抽样地	-
