Netzwerk	noun	n	网络	-
Netzwerkkabel	noun	n	网线	-
Buchse	noun	f	插口；插座	-
Übertragung	noun	f	传输	-
Übertragungsrate	noun	f	传输速率	-
Datenübertragung	noun	f	数据传输	-
Latenz	noun	f	延迟；时延	-
Paketverlust	noun	m	丢包	-
Adressbereich	noun	m	地址段	-
Subnetz	noun	n	子网	-
Netzmaske	noun	f	子网掩码	-
Netzwerkkarte	noun	f	网卡	-
Zugangspunkt	noun	m	接入点	-
Funknetz	noun	n	无线网络	-
Funkloch	noun	n	信号盲区	-
Reichweite	noun	f	覆盖范围	-
Namensauflösung	noun	f	域名解析	-
Domäne	noun	f	域	-
Ausfallzeit	noun	f	宕机时间	-
Wartung	noun	f	维护	-
Spitzenlast	noun	f	峰值负载	-
Festplatte	noun	f	硬盘	-
Datenträger	noun	m	存储介质	-
Laufwerk	noun	n	驱动器；盘符	-
Netzlaufwerk	noun	n	网络驱动器	-
Dateiendung	noun	f	文件扩展名	-
Redundanz	noun	f	冗余	-
Datensicherung	noun	f	数据备份	-
Netzteil	noun	n	电源适配器	-
Stromversorgung	noun	f	供电	-
Kühlung	noun	f	散热；冷却	-
Abwärme	noun	f	废热	-
Serverschrank	noun	m	机柜	-
Hauptplatine	noun	f	主板	-
Grafikkarte	noun	f	显卡	-
Druckauftrag	noun	m	打印任务	-
Papierstau	noun	m	卡纸	-
Diensthandy	noun	n	工作手机	-
Arbeitsplatzrechner	noun	m	工作电脑	-
Peripherie	noun	f	外设	-
Betriebssystem	noun	n	操作系统	-
Erweiterung	noun	f	扩展；插件	-
Aktualisierung	noun	f	更新	-
Angriff	noun	m	攻击	-
Angriffsfläche	noun	f	攻击面	-
Schadsoftware	noun	f	恶意软件	-
Erpressungstrojaner	noun	m	勒索软件	-
Virenscanner	noun	m	杀毒软件	-
Schlüsselpaar	noun	n	密钥对	-
Zugangsdaten	noun	pl	访问凭据；账号密码	-
Benutzerkonto	noun	n	用户账户	-
Zugriffsrecht	noun	n	访问权限	-
Rechtevergabe	noun	f	权限分配	-
Authentifizierung	noun	f	身份验证	-
Bestätigungscode	noun	m	验证码	-
Kontosperrung	noun	f	账号锁定	-
Datenleck	noun	n	数据泄露	-
Datenschutzbeauftragter	noun	m	数据保护官	形容词变格
Datenschutzgrundverordnung	noun	f	欧盟GDPR	缩写 DSGVO
Vertraulichkeit	noun	f	机密性	-
Sicherheitsvorfall	noun	m	安全事件	-
Hänger	noun	m	卡死	口语
Behelfslösung	noun	f	临时方案	-
Benutzerbetreuung	noun	f	用户支持	-
Fernwartung	noun	f	远程维护	-
Fernzugriff	noun	m	远程访问	-
Bildschirmfreigabe	noun	f	屏幕共享	-
Postfach	noun	n	邮箱	-
Lizenzschlüssel	noun	m	许可证密钥	-
Mandant	noun	m	租户	-
Verbund	noun	m	集群；联合体	-
Virtualisierung	noun	f	虚拟化	-
Speicherkapazität	noun	f	存储容量	-
Zeitsteuerung	noun	f	定时任务	-
Stapelverarbeitung	noun	f	批处理	-
Datenbank	noun	f	数据库	-
Verknüpfung	noun	f	关联；快捷方式	-
Datenmodell	noun	n	数据模型	-
Datenquelle	noun	f	数据源	-
Datenqualität	noun	f	数据质量	-
Datensparsamkeit	noun	f	数据最小化	-
Löschfrist	noun	f	删除期限	-
Archivierung	noun	f	归档	-
Auswertung	noun	f	分析；评估	-
Berichtswesen	noun	n	报表体系	-
Ausreißer	noun	m	异常值	-
Verteilung	noun	f	分布；分发	-
Zusammenhang	noun	m	相关性；关联	-
Vorhersage	noun	f	预测	-
Mustererkennung	noun	f	模式识别	-
Zeitreihe	noun	f	时间序列	-
Tabellenkalkulation	noun	f	电子表格	-
Sprachmodell	noun	n	语言模型	-
Trainingsdaten	noun	pl	训练数据	-
Eingabeaufforderung	noun	f	提示词；命令提示符	-
Genauigkeit	noun	f	准确率；精度	-
Trefferquote	noun	f	命中率	-
Fehlerrate	noun	f	错误率	-
Verzerrung	noun	f	偏差（bias）；失真	-
Voreingenommenheit	noun	f	偏见	-
Halluzination	noun	f	幻觉	-
Spracherkennung	noun	f	语音识别	-
Bilderkennung	noun	f	图像识别	-
Gesichtserkennung	noun	f	人脸识别	-
Texterkennung	noun	f	文字识别（OCR）	-
Rechenaufwand	noun	m	计算开销	-
Grafikprozessor	noun	m	GPU	-
Entscheidungsbaum	noun	m	决策树	-
Suchanfrage	noun	f	搜索请求	-
Erklärbarkeit	noun	f	可解释性	-
Assistent	noun	m	助手；向导	-
Vernetzung	noun	f	联网；互联	-
Netzabdeckung	noun	f	网络覆盖	-
Breitband	noun	n	宽带	-
Mobilfunknetz	noun	n	移动网络	-
Funkmast	noun	m	基站	-
Netzausbau	noun	m	网络扩建	-
Lesegerät	noun	n	读卡器	-
Nutzerverhalten	noun	n	用户行为	-
Nutzungsbedingungen	noun	pl	使用条款	-
Medienkompetenz	noun	f	媒体素养	-
Barrierefreiheit	noun	f	无障碍	-
Souveränität	noun	f	主权；自主	-
Datenhoheit	noun	f	数据主权	-
Desinformation	noun	f	虚假信息	-
Rücksetzung	noun	f	回滚；重置	-
Befehlszeile	noun	f	命令行	-
Systemverwalter	noun	m	系统管理员	-
Gastzugang	noun	m	访客账号	-
Mitarbeiterausweis	noun	m	员工卡	-
Zutrittskontrolle	noun	f	门禁	-
Sperrbildschirm	noun	m	锁屏	-
Bildschirmschoner	noun	m	屏保	-
Registerkarte	noun	f	标签页	-
Mauszeiger	noun	m	鼠标指针	-
Speicherort	noun	m	存储位置	-
Papierkorb	noun	m	回收站	-
Sicherungskopie	noun	f	备份副本	-
Vollsicherung	noun	f	全量备份	-
Wiederherstellungspunkt	noun	m	还原点	-
Bandlaufwerk	noun	n	磁带机	-
Stromsparmodus	noun	m	省电模式	-
Ruhezustand	noun	m	休眠	-
Tastaturbelegung	noun	f	键盘布局	-
Sonderzeichen	noun	n	特殊字符	-
Zeichensatz	noun	m	字符集	-
Schutzmaßnahme	noun	f	防护措施	-
Absicherung	noun	f	加固；保障	-
Härtung	noun	f	（系统）加固	-
Sicherheitskonzept	noun	n	安全方案	-
Eindringling	noun	m	入侵者	-
Hintertür	noun	f	后门	-
Ausnutzung	noun	f	（漏洞）利用	-
Identitätsdiebstahl	noun	m	身份盗窃	-
Anmeldeversuch	noun	m	登录尝试	-
Quarantäne	noun	f	隔离区	-
Abschottung	noun	f	隔离	-
Netzwerksegment	noun	n	网段	-
Segmentierung	noun	f	分段	-
Zugriffskontrolle	noun	f	访问控制	-
Sicherheitsstufe	noun	f	安全级别	-
Geheimhaltung	noun	f	保密	-
Sicherheitsbewusstsein	noun	n	安全意识	-
Sensibilisierung	noun	f	意识提升	-
Netzwerkdrucker	noun	m	网络打印机	-
Druckvorschau	noun	f	打印预览	-
Sammelpostfach	noun	n	共享邮箱	-
Beschränkung	noun	f	限制	-
Ersatzgerät	noun	n	备用设备	-
Ersatzteil	noun	n	备件	-
Leihgerät	noun	n	借用设备	-
Vertretung	noun	f	代理人；代班	-
Gruppenrichtlinie	noun	f	组策略	-
Verzeichnisdienst	noun	m	目录服务	-
Benutzergruppe	noun	f	用户组	-
entschlüsseln	verb	-	解密	-
deinstallieren	verb	-	卸载	-
anhängen	verb	-	附加（附件）	-
authentifizieren	verb	-	认证	-
abrufen	verb	-	获取；调用	-
beseitigen	verb	-	消除	-
reproduzieren	verb	-	复现	-
einführen	verb	-	引入；上线	-
migrieren	verb	-	迁移	-
umziehen	verb	-	迁移；搬迁	-
einstecken	verb	-	插入	-
aufladen	verb	-	充电	-
komprimieren	verb	-	压缩	-
entpacken	verb	-	解压	-
verpacken	verb	-	打包	-
archivieren	verb	-	归档	-
synchronisieren	verb	-	同步	-
konfigurieren	verb	-	配置	-
verwalten	verb	-	管理	-
ausprobieren	verb	-	试用	-
pseudonymisieren	verb	-	假名化	-
exportieren	verb	-	导出	-
importieren	verb	-	导入	-
visualisieren	verb	-	可视化	-
vorhersagen	verb	-	预测	-
klassifizieren	verb	-	分类	-
einordnen	verb	-	归类	-
erzeugen	verb	-	生成	-
begrenzen	verb	-	限制	-
blockieren	verb	-	拦截；阻塞	-
abwehren	verb	-	防御	-
eindringen	verb	-	入侵	~ in + Akk.
ausspähen	verb	-	窥探	-
abgreifen	verb	-	窃取（数据）	-
manipulieren	verb	-	篡改	-
härten	verb	-	（系统）加固	-
abschotten	verb	-	隔离	-
signieren	verb	-	签名	-
verschleiern	verb	-	混淆	-
befallen	verb	-	感染；侵袭	-
aufrüsten	verb	-	升级（硬件）	-
ausmustern	verb	-	淘汰	-
ausleihen	verb	-	借用	-
ausdrucken	verb	-	打印	-
benachrichtigen	verb	-	通知	-
beitreten	verb	-	加入	~ + Dat.
stummschalten	verb	-	静音	-
einwählen	verb	-	拨入	sich ~
eingeben	verb	-	输入	-
ausgeben	verb	-	输出	-
anklicken	verb	-	点击	-
markieren	verb	-	选中；标记	-
vergrößern	verb	-	放大	-
verkleinern	verb	-	缩小	-
ablegen	verb	-	存放；归档	-
vernetzen	verb	-	联网	-
digitalisieren	verb	-	数字化	-
automatisieren	verb	-	自动化	-
koppeln	verb	-	配对	-
herstellen	verb	-	建立（连接）	-
verteilen	verb	-	分发	-
drahtlos	adj	-	无线的	-
kabellos	adj	-	无线（不带线）的	-
kabelgebunden	adj	-	有线的	-
verschlüsselt	adj	-	加密的	-
unverschlüsselt	adj	-	未加密的	-
verwundbar	adj	-	有漏洞的	-
schädlich	adj	-	有害的	-
bösartig	adj	-	恶意的	-
verdächtig	adj	-	可疑的	-
hochverfügbar	adj	-	高可用的	-
manuell	adj	-	手动的	-
händisch	adj	-	手动的	口语
künstlich	adj	-	人工的	-
vernetzt	adj	-	联网的	-
dezentral	adj	-	去中心化的；分布式	-
verlustfrei	adj	-	无损的	-
verlustbehaftet	adj	-	有损的	-
beschreibbar	adj	-	可写的	-
ungenau	adj	-	不准确的	-
auffällig	adj	-	异常的；显眼的	-
nahtlos	adj	-	无缝的	-
störungsfrei	adj	-	无故障的	-
ruckelig	adj	-	卡顿的	口语
flüssig	adj	-	流畅的	-
