Koalitionsvertrag	noun	m	联合执政协议	-
Wahlbeteiligung	noun	f	投票率	-
Rentenalter	noun	n	退休年龄	-
Klimaneutralität	noun	f	气候中和	-
Bürgergeld	noun	n	公民津贴	-
Bundestagswahl	noun	f	联邦议院选举	-
Landtagswahl	noun	f	州议会选举	-
Kommunalwahl	noun	f	地方选举	-
Wahlkampf	noun	m	竞选活动	-
Wahlprogramm	noun	n	竞选纲领	-
Wahlniederlage	noun	f	选举失利	-
Wahlkreis	noun	m	选区	-
Wahllokal	noun	n	投票站	-
Briefwahl	noun	f	邮寄投票	-
Stimmzettel	noun	m	选票	-
Zweitstimme	noun	f	第二票（政党票）	-
Umfragewert	noun	m	民调支持率	-
Meinungsumfrage	noun	f	民意调查	-
Fünfprozenthürde	noun	f	百分之五门槛	-
Überhangmandat	noun	n	超额议席	-
Mandat	noun	n	议席；授权	-
Abgeordnete	noun	m	议员	-
Fraktion	noun	f	议会党团	-
Opposition	noun	f	反对党	-
Regierungskoalition	noun	f	执政联盟	-
Ampelkoalition	noun	f	红绿灯联盟	-
Koalitionspartner	noun	m	联合执政伙伴	-
Koalitionsverhandlung	noun	f	组阁谈判	-
Sondierungsgespräch	noun	n	试探性会谈	-
Minderheitsregierung	noun	f	少数派政府	-
Kanzleramt	noun	n	总理府	-
Bundesrat	noun	m	联邦参议院	-
Ministerpräsident	noun	m	州长；总理	-
Kabinett	noun	n	内阁	-
Staatssekretär	noun	m	国务秘书	-
Misstrauensvotum	noun	n	不信任投票	-
Vertrauensfrage	noun	f	信任投票	-
Neuwahl	noun	f	重新选举	-
Legislaturperiode	noun	f	立法任期	-
Amtszeit	noun	f	任期	-
Amtsantritt	noun	m	就职	-
Gesetzentwurf	noun	m	法律草案	-
Gesetzgebung	noun	f	立法	-
Verabschiedung	noun	f	（法案）通过；告别	-
Volksentscheid	noun	m	全民公决	-
Bürgerbegehren	noun	n	公民动议	-
Grundgesetz	noun	n	基本法	-
Bundesverfassungsgericht	noun	n	联邦宪法法院	-
Rechtsstaat	noun	m	法治国家	-
Gewaltenteilung	noun	f	三权分立	-
Föderalismus	noun	m	联邦制	-
Rechtspopulismus	noun	m	右翼民粹主义	-
Populist	noun	m	民粹主义者	-
Rechtsextremismus	noun	m	右翼极端主义	-
Verfassungsschutz	noun	m	宪法保卫局	-
Parteitag	noun	m	党代会	-
Spitzenkandidat	noun	m	首席候选人	-
Kanzlerkandidat	noun	m	总理候选人	-
Stammwähler	noun	m	铁杆选民	-
Wechselwähler	noun	m	摇摆选民	-
Nichtwähler	noun	m	不投票者	-
Wählerschaft	noun	f	选民（群体）	-
Machtwechsel	noun	m	政权更替	-
Regierungserklärung	noun	f	政府声明	-
Bundeshaushalt	noun	m	联邦预算	-
Sparpaket	noun	n	紧缩方案	-
Sondervermögen	noun	n	专项基金	-
Lobbyismus	noun	m	游说活动	-
Lobbyist	noun	m	说客	-
Untersuchungsausschuss	noun	m	调查委员会	-
Glaubwürdigkeit	noun	f	可信度	-
Politikverdrossenheit	noun	f	政治冷漠	-
Polarisierung	noun	f	两极分化	-
Spaltung	noun	f	分裂	-
Gemeinwohl	noun	n	公共利益	-
Zivilgesellschaft	noun	f	公民社会	-
Ehrenamt	noun	n	志愿工作	-
Kundgebung	noun	f	集会	-
Mahnwache	noun	f	静默抗议；守夜	-
Petition	noun	f	请愿书	-
Bürgerinitiative	noun	f	公民倡议组织	-
Aktivist	noun	m	活动人士	-
Zuwanderung	noun	f	移民迁入	-
Einwanderungsland	noun	n	移民国家	-
Migrationshintergrund	noun	m	移民背景	-
Geflüchtete	noun	m	难民	-
Asylbewerber	noun	m	庇护申请者	-
Asylverfahren	noun	n	庇护程序	-
Abschiebung	noun	f	遣返	-
Duldung	noun	f	暂缓遣返许可；容忍	-
Bleiberecht	noun	n	居留权	-
Doppelpass	noun	m	双重国籍	-
Obergrenze	noun	f	上限	-
Fremdenfeindlichkeit	noun	f	排外情绪	-
Rassismus	noun	m	种族主义	-
Vorurteil	noun	n	偏见	-
Ausgrenzung	noun	f	排斥	-
Teilhabe	noun	f	参与	-
Gleichberechtigung	noun	f	平等权利	-
Gleichstellung	noun	f	同等地位	-
Mietendeckel	noun	m	租金上限	-
Wohnungsbau	noun	m	住房建设	-
Verdrängung	noun	f	排挤；压抑	-
Obdachlosigkeit	noun	f	无家可归	-
Enteignung	noun	f	征收	-
Rentenreform	noun	f	养老金改革	-
Rentenniveau	noun	n	养老金水平	-
Altersarmut	noun	f	老年贫困	-
Grundrente	noun	f	基础养老金	-
Generationenvertrag	noun	m	代际契约	-
Pflegenotstand	noun	m	护理危机	-
Überalterung	noun	f	人口老龄化	-
Geburtenrate	noun	f	出生率	-
Lebenserwartung	noun	f	预期寿命	-
Armutsgrenze	noun	f	贫困线	-
Kinderarmut	noun	f	儿童贫困	-
Ungleichheit	noun	f	不平等	-
Vermögenssteuer	noun	f	财产税	-
Erbschaftssteuer	noun	f	遗产税	-
Niedriglohnsektor	noun	m	低薪行业	-
Sozialstaat	noun	m	福利国家	-
Sozialleistung	noun	f	社会福利	-
Grundsicherung	noun	f	基本生活保障	-
Existenzminimum	noun	n	最低生活标准	-
Tafel	noun	f	食物救济站；黑板	-
Mittelschicht	noun	f	中产阶层	-
Klimaschutz	noun	m	气候保护	-
Klimaziel	noun	n	气候目标	-
Erderwärmung	noun	f	全球变暖	-
Ausstoß	noun	m	排放量；产出	-
Emissionshandel	noun	m	排放交易	-
Kohleausstieg	noun	m	退煤	-
Atomausstieg	noun	m	弃核	-
Windkraft	noun	f	风能	-
Heizungsgesetz	noun	n	供暖法	-
Verbrennerverbot	noun	n	燃油车禁令	-
Tempolimit	noun	n	限速	-
Verkehrswende	noun	f	交通转型	-
Artensterben	noun	n	物种灭绝	-
Artenvielfalt	noun	f	生物多样性	-
Extremwetter	noun	n	极端天气	-
Waldbrand	noun	m	森林火灾	-
Meeresspiegel	noun	m	海平面	-
Klimaabkommen	noun	n	气候协定	-
Klimagipfel	noun	m	气候峰会	-
Bildungsgerechtigkeit	noun	f	教育公平	-
Lehrermangel	noun	m	教师短缺	-
Kita-Platz	noun	m	托儿所名额	-
Ganztagsschule	noun	f	全日制学校	-
Gesamtschule	noun	f	综合中学	-
Schulabbrecher	noun	m	辍学者	-
Lehrplan	noun	m	教学大纲	-
Bildungsabschluss	noun	m	学历	-
Kultusministerium	noun	n	（州）教育文化部	-
Studiengebühr	noun	f	学费	-
Berichterstattung	noun	f	新闻报道	-
Schlagzeile	noun	f	头条	-
Leitartikel	noun	m	社论	-
Pressefreiheit	noun	f	新闻自由	-
Meinungsfreiheit	noun	f	言论自由	-
Zensur	noun	f	审查	-
Falschmeldung	noun	f	假新闻	-
Verschwörungstheorie	noun	f	阴谋论	-
Hetze	noun	f	煽动；仓促	-
Hassrede	noun	f	仇恨言论	-
Filterblase	noun	f	信息茧房	-
Boulevardzeitung	noun	f	小报	-
Korrespondent	noun	m	驻外记者	-
Pressesprecher	noun	m	新闻发言人	-
Faktencheck	noun	m	事实核查	-
Narrativ	noun	n	叙事	-
Deutungshoheit	noun	f	话语权	-
Diskurs	noun	m	话语；讨论	-
Streitthema	noun	n	争议话题	-
Kontroverse	noun	f	争议	-
Konsens	noun	m	共识	-
Kehrtwende	noun	f	大转向	-
Paradigmenwechsel	noun	m	范式转变	-
Missstand	noun	m	弊端	-
Brennpunkt	noun	m	焦点；问题地区	-
Reizthema	noun	n	敏感话题	-
Aufschrei	noun	m	强烈抗议	-
Empörung	noun	f	愤慨	-
Unmut	noun	m	不满	-
Akzeptanz	noun	f	接受度	-
Minderheit	noun	f	少数；少数群体	-
Grundrecht	noun	n	基本权利	-
Rechtsruck	noun	m	政治右转	-
Aufrüstung	noun	f	扩军	-
Wehrpflicht	noun	f	义务兵役	-
Waffenlieferung	noun	f	武器援助	-
Waffenstillstand	noun	m	停火	-
Bündnis	noun	n	联盟	-
Wahlversprechen	noun	n	竞选承诺	-
Kurswechsel	noun	m	路线转变	-
Schulterschluss	noun	m	团结一致	-
Regierungsbildung	noun	f	组建政府	-
Ausschuss	noun	m	委员会	-
Anhörung	noun	f	听证会	-
Gesetzesvorlage	noun	f	法律提案	-
Neuverschuldung	noun	f	新增债务	-
Wohlfahrtsverband	noun	m	福利协会	-
Bedarfsgemeinschaft	noun	f	共同需求户	-
Kinderbetreuung	noun	f	儿童看护	-
Kindergrundsicherung	noun	f	儿童基本保障	-
Beitragszahler	noun	m	缴费者	-
Wohnraum	noun	m	住房空间	-
Mietwucher	noun	m	高租盘剥	-
Genossenschaft	noun	f	合作社	-
Schutzsuchende	noun	m	寻求保护者	-
Zuwanderer	noun	m	外来移民	-
Parallelgesellschaft	noun	f	平行社会	-
Leitkultur	noun	f	主导文化	-
Klimakleber	noun	m	粘手抗议者	-
Klimaanpassung	noun	f	气候适应	-
Flächenversiegelung	noun	f	地面硬化	-
Tierwohl	noun	n	动物福利	-
Bildungsföderalismus	noun	m	教育联邦制	-
Quereinsteiger	noun	m	跨行转入者	-
Medienlandschaft	noun	f	媒体格局	-
Einschaltquote	noun	f	收视率	-
Enthüllung	noun	f	揭露	-
Whistleblower	noun	m	吹哨人	-
verschärfen	verb	-	加剧；收紧（规定）	-
lockern	verb	-	放宽	-
beschließen	verb	-	决定；通过	-
amtieren	verb	-	任职	-
regieren	verb	-	执政；统治	-
kandidieren	verb	-	参选	-
abwählen	verb	-	投票罢免	-
nominieren	verb	-	提名	-
koalieren	verb	-	组成联盟	-
anprangern	verb	-	公开谴责	-
verurteilen	verb	-	谴责；判决	-
demonstrieren	verb	-	示威；展示	-
protestieren	verb	-	抗议	gegen + Akk.
mobilisieren	verb	-	动员	-
polarisieren	verb	-	使两极分化	-
spalten	verb	-	分裂	-
hetzen	verb	-	煽动；匆忙	-
dementieren	verb	-	否认（传闻）	-
ankündigen	verb	-	宣布	-
abschaffen	verb	-	废除	-
reformieren	verb	-	改革	-
eindämmen	verb	-	遏制	-
gefährden	verb	-	危及	-
entschärfen	verb	-	缓和	-
integrieren	verb	-	融入；整合	-
einwandern	verb	-	移民入境	-
flüchten	verb	-	逃离	-
diskriminieren	verb	-	歧视	-
verarmen	verb	-	陷入贫困	-
enteignen	verb	-	征收（财产）	-
umverteilen	verb	-	重新分配	-
aussterben	verb	-	灭绝	-
recherchieren	verb	-	调查；查资料	-
enthüllen	verb	-	揭露	-
zitieren	verb	-	引用	-
debattieren	verb	-	辩论	-
solidarisieren	verb	-	声援	sich ~
engagieren	verb	-	投身	sich ~
radikalisieren	verb	-	激进化	sich ~
zensieren	verb	-	审查	-
streiken	verb	-	罢工	-
schüren	verb	-	煽起（情绪）	-
anheizen	verb	-	火上浇油	-
abmildern	verb	-	缓解	-
nachschärfen	verb	-	进一步收紧	-
vereidigen	verb	-	宣誓就职	-
entmachten	verb	-	剥夺权力	-
kritisieren	verb	-	批评	-
kontrovers	adj	-	有争议的	-
parteilos	adj	-	无党派的	-
konservativ	adj	-	保守的	-
liberal	adj	-	自由派的	-
rechtsextrem	adj	-	极右的	-
linksextrem	adj	-	极左的	-
populistisch	adj	-	民粹的	-
autoritär	adj	-	专制的	-
verfassungsfeindlich	adj	-	敌视宪法的	-
verfassungswidrig	adj	-	违宪的	-
radikal	adj	-	激进的	-
gemäßigt	adj	-	温和的	-
bürgerlich	adj	-	中间偏右的；市民的	-
sozialdemokratisch	adj	-	社会民主的	-
amtierend	adj	-	在任的	-
mehrheitsfähig	adj	-	能获多数支持的	-
regierungsfähig	adj	-	有执政能力的	-
wahlberechtigt	adj	-	有选举权的	-
überwältigend	adj	-	压倒性的	-
gespalten	adj	-	分裂的	-
parteiübergreifend	adj	-	跨党派的	-
flächendeckend	adj	-	全面覆盖的	-
föderal	adj	-	联邦的	-
kommunal	adj	-	地方的	-
gesellschaftlich	adj	-	社会的	-
solidarisch	adj	-	团结的	-
benachteiligt	adj	-	弱势的	-
bedürftig	adj	-	贫困的	-
obdachlos	adj	-	无家可归的	-
bezahlbar	adj	-	负担得起的	-
migrantisch	adj	-	移民的	-
multikulturell	adj	-	多元文化的	-
fremdenfeindlich	adj	-	排外的	-
rassistisch	adj	-	种族主义的	-
gleichberechtigt	adj	-	平权的	-
ausreisepflichtig	adj	-	有离境义务的	-
staatenlos	adj	-	无国籍的	-
klimafreundlich	adj	-	气候友好的	-
klimaschädlich	adj	-	危害气候的	-
umweltschädlich	adj	-	污染环境的	-
ökologisch	adj	-	生态的	-
erneuerbar	adj	-	可再生的	-
fossil	adj	-	化石的	-
verheerend	adj	-	毁灭性的	-
irreversibel	adj	-	不可逆的	-
bildungsfern	adj	-	受教育程度低的	-
schulpflichtig	adj	-	适龄入学的	-
demografisch	adj	-	人口的	-
medial	adj	-	媒体的	-
journalistisch	adj	-	新闻的	-
tendenziös	adj	-	有倾向性的	-
reißerisch	adj	-	耸人听闻的	-
glaubwürdig	adj	-	可信的	-
unpopulär	adj	-	不得人心的	-
legitim	adj	-	正当的；合法的	-
symbolisch	adj	-	象征性的	-
wirkungslos	adj	-	无效的	-
halbherzig	adj	-	三心二意的	-
alternativlos	adj	-	别无选择的	-
tiefgreifend	adj	-	深远的	-
weitreichend	adj	-	影响广泛的	-
drastisch	adj	-	剧烈的	-
schleppend	adj	-	迟缓的	-
brenzlig	adj	-	危险的	-
öffentlich-rechtlich	adj	-	公法的；公共广播的	-
rechtspopulistisch	adj	-	右翼民粹的	-
unabhängig	adj	-	独立的	-
zunehmend	adj	-	日益增加的	-
hitzig	adj	-	激烈的	-
emotionalisiert	adj	-	情绪化的	-
wählerwirksam	adj	-	能拉选票的	-
generationengerecht	adj	-	代际公平的	-
armutsgefährdet	adj	-	面临贫困风险的	-
einkommensschwach	adj	-	低收入的	-
kinderreich	adj	-	多子女的	-
menschengemacht	adj	-	人为造成的	-
hetzerisch	adj	-	煽动性的	-
faktenbasiert	adj	-	基于事实的	-
einseitig	adj	-	片面的	-
lückenhaft	adj	-	不完整的	-
repräsentativ	adj	-	有代表性的	-
unumstritten	adj	-	无争议的	-
beraten	verb	-	商议；咨询	über + Akk.
ernennen	verb	-	任命	-
ratifizieren	verb	-	批准（条约）	-
novellieren	verb	-	修订（法律）	-
verfassen	verb	-	撰写	-
anordnen	verb	-	下令	-
verpuffen	verb	-	落空；白费	-
versagen	verb	-	失职；失灵	-
scheitern	verb	-	失败	an + Dat.
ansteigen	verb	-	上升	-
überaltern	verb	-	老龄化	-
zuwandern	verb	-	迁入	-
unterbringen	verb	-	安置	-
versorgen	verb	-	供应；照料	-
schmelzen	verb	-	融化	-
abholzen	verb	-	砍伐	-
aufforsten	verb	-	植树造林	-
verbreiten	verb	-	传播	-
diffamieren	verb	-	诋毁	-
instrumentalisieren	verb	-	利用（为工具）	-
vereinnahmen	verb	-	据为己用	-
aufwiegeln	verb	-	煽动	-
bagatellisieren	verb	-	轻描淡写	-
abstrafen	verb	-	惩罚（选民用票）	-
einbüßen	verb	-	失去	-
zulegen	verb	-	增长；增加	-
punkten	verb	-	得分；占上风	-
erringen	verb	-	赢得	-
anführen	verb	-	领导；列举	-
beklagen	verb	-	抱怨；哀叹	-
bestreiten	verb	-	否认；负担	-
zustimmen	verb	-	同意	~ + Dat.
verfehlen	verb	-	未达到	-
begnadigen	verb	-	赦免	-
kapitulieren	verb	-	投降	-
abrüsten	verb	-	裁军	-
ausrufen	verb	-	宣布	-
wirtschaftsfreundlich	adj	-	亲商的	-
unternehmerfreundlich	adj	-	对企业友好的	-
sozialpolitisch	adj	-	社会政策的	-
innenpolitisch	adj	-	内政的	-
außenpolitisch	adj	-	外交的	-
migrationspolitisch	adj	-	移民政策的	-
bildungspolitisch	adj	-	教育政策的	-
klimapolitisch	adj	-	气候政策的	-
verfassungskonform	adj	-	合宪的	-
aussichtsreich	adj	-	有希望的	-
chancenlos	adj	-	毫无机会的	-
hauchdünn	adj	-	极其微弱的	-
denkbar	adj	-	可以想象的	-
unberechenbar	adj	-	难以预测的	-
handlungsfähig	adj	-	有行动能力的	-
zukunftsfähig	adj	-	面向未来的	-
geschlossen	adj	-	团结一致的；关闭的	-
zerrissen	adj	-	撕裂的	-
abgehängt	adj	-	被甩下的	-
unterfinanziert	adj	-	资金不足的	-
sozialschwach	adj	-	社会弱势的	-
vielfältig	adj	-	多样的	-
schutzbedürftig	adj	-	需要保护的	-
asylberechtigt	adj	-	有庇护资格的	-
irregulär	adj	-	非正规的	-
klimabedingt	adj	-	气候导致的	-
hitzebedingt	adj	-	高温引起的	-
dürregeplagt	adj	-	饱受干旱的	-
schadstoffarm	adj	-	低污染的	-
CO2-neutral	adj	-	碳中和的	-
flächensparend	adj	-	节省土地的	-
bildungsnah	adj	-	教育背景好的	-
chancengerecht	adj	-	机会公平的	-
ganztägig	adj	-	全天的	-
investigativ	adj	-	调查性的	-
regierungsnah	adj	-	亲政府的	-
regierungskritisch	adj	-	批评政府的	-
populär	adj	-	受欢迎的	-
polarisierend	adj	-	引发分化的	-
rechtsoffen	adj	-	对右翼开放的	-
salonfähig	adj	-	登得上台面的	-
