erfordern	verb	-	需要；要求	-
ermöglichen	verb	-	使成为可能	-
veranlassen	verb	-	促使；安排	-
beabsichtigen	verb	-	打算；意图	-
erwägen	verb	-	考虑；斟酌	-
vorausgehen	verb	-	先于；发生在前	-
zurückführen	verb	-	归因于	~ auf + Akk.
bewirken	verb	-	引起；导致	-
herbeiführen	verb	-	促成；导致	-
hervorrufen	verb	-	引起；唤起	-
folgern	verb	-	推断	-
hinauszögern	verb	-	拖延	-
prägen	verb	-	塑造；深刻影响	-
charakterisieren	verb	-	刻画；描述特征	-
strukturieren	verb	-	构建；使有条理	-
differenzieren	verb	-	区分；细分	-
erschweren	verb	-	使更困难	-
erleichtern	verb	-	使容易；减轻	-
entgegenwirken	verb	-	抵制；对抗	~ + Dat.
beibehalten	verb	-	保留；维持	-
aufrechterhalten	verb	-	维持	-
entbehren	verb	-	缺少；舍弃	-
bedürfen	verb	-	需要	~ + Gen.
beinhalten	verb	-	包含	-
umfassen	verb	-	包括；涵盖	-
einschließen	verb	-	包括；锁起来	-
anbelangen	verb	-	涉及；关系到	was … anbelangt
zutreffen	verb	-	符合；属实	-
entsprechen	verb	-	符合；相当于	~ + Dat.
übereinstimmen	verb	-	一致；相符	-
abweichen	verb	-	偏离；不同	~ von + Dat.
ausweiten	verb	-	扩大；延伸	-
verringern	verb	-	减少；降低	-
verinnerlichen	verb	-	内化；牢记	-
wahrnehmen	verb	-	察觉；行使	-
begründen	verb	-	说明理由；创立	-
ausüben	verb	-	从事；施加	-
verwerten	verb	-	利用；回收	-
meistern	verb	-	掌握；克服	-
resultieren	verb	-	源于；导致	~ aus + Dat.
herrühren	verb	-	源自	~ von + Dat.
beruhen	verb	-	基于	~ auf + Dat.
basieren	verb	-	基于	~ auf + Dat.
bedingen	verb	-	导致；决定	-
einhergehen	verb	-	伴随	~ mit + Dat.
entfallen	verb	-	取消；落到	-
erweisen	verb	-	证明是	sich ~ als
anbahnen	verb	-	初现端倪	sich ~
orientieren	verb	-	以…为导向	sich ~ an + Dat.
fokussieren	verb	-	聚焦	-
beschränken	verb	-	限制；局限于	sich ~ auf + Akk.
begünstigen	verb	-	有利于；偏袒	-
hemmen	verb	-	阻碍；抑制	-
behindern	verb	-	妨碍	-
untergraben	verb	-	暗中破坏；削弱	-
schädigen	verb	-	损害	-
verursachen	verb	-	造成	-
beimessen	verb	-	赋予（意义）	-
zuschreiben	verb	-	归于；归功于	-
ermahnen	verb	-	告诫	-
auffordern	verb	-	要求；请	-
abraten	verb	-	劝阻	~ von + Dat.
preisgeben	verb	-	泄露；放弃	-
verkünden	verb	-	宣布；宣告	-
umschreiben	verb	-	改写；描述	-
schildern	verb	-	描述；叙述	-
wiedergeben	verb	-	复述；再现	-
aufheben	verb	-	废除；保存	-
revidieren	verb	-	修正；修改	-
erlangen	verb	-	获得	-
genügen	verb	-	足够	-
mangeln	verb	-	缺乏	es mangelt an + Dat.
überwiegen	verb	-	占优势；占多数	-
vorherrschen	verb	-	占主导	-
kompensieren	verb	-	补偿；弥补	-
wettmachen	verb	-	弥补	-
aufwiegen	verb	-	抵得上；抵消	-
gegenüberstellen	verb	-	对比；对照	-
ähneln	verb	-	相似	~ + Dat.
verkennen	verb	-	误判；认不清	-
verzerren	verb	-	扭曲	-
tüfteln	verb	-	琢磨；钻研	-
antizipieren	verb	-	预料；预先考虑	-
vorwegnehmen	verb	-	预先说出；抢先	-
absehen	verb	-	预见；不考虑	~ von + Dat.
einkalkulieren	verb	-	考虑在内	-
meiden	verb	-	避开	-
scheuen	verb	-	畏惧；回避	-
hinnehmen	verb	-	忍受；接受	-
untersagen	verb	-	禁止	-
unterbinden	verb	-	制止	-
abhalten	verb	-	阻止；举行	-
vorenthalten	verb	-	扣着不给	-
zusammenhängen	verb	-	相关联	~ mit + Dat.
niederschlagen	verb	-	体现在	sich ~ in + Dat.
widerspiegeln	verb	-	反映	-
zeugen	verb	-	表明；证明	~ von + Dat.
offenbaren	verb	-	显露；透露	-
aufweisen	verb	-	显示出；具有	-
verfügen	verb	-	拥有；支配	~ über + Akk.
innehaben	verb	-	担任；占有	-
aufbringen	verb	-	筹集；激怒	-
aufwenden	verb	-	花费；投入	-
fortführen	verb	-	继续进行	-
bewerkstelligen	verb	-	办成	-
vollziehen	verb	-	执行；发生	sich ~
vollenden	verb	-	完成	-
handhaben	verb	-	操作；处理	-
steuern	verb	-	调控；驾驶	-
lenken	verb	-	引导；驾驶	-
wahren	verb	-	维护；保持	-
eintreten	verb	-	支持；发生	~ für + Akk.
befassen	verb	-	研究；处理	sich ~ mit + Dat.
zuwenden	verb	-	转向；关注	sich ~ + Dat.
abwenden	verb	-	避免；转身	-
abkehren	verb	-	背离	sich ~ von + Dat.
sträuben	verb	-	抗拒	sich ~ gegen + Akk.
aufzwingen	verb	-	强加	-
auferlegen	verb	-	强加（义务）	-
nötigen	verb	-	强迫；硬劝	-
irren	verb	-	弄错	sich ~
schlussfolgern	verb	-	得出结论	-
beeinflussen	verb	-	影响	-
aufwerten	verb	-	提升价值	-
schmälern	verb	-	减损；贬低	-
entfalten	verb	-	展开；发挥	sich ~
erzwingen	verb	-	强行获得	-
zerstreuen	verb	-	消除（疑虑）；分散	-
beträchtlich	adj	-	可观的	-
wesentlich	adj	-	本质的；重要的	-
grundlegend	adj	-	根本的；基本的	-
elementar	adj	-	基本的；根本的	-
unerlässlich	adj	-	必不可少的	-
unverzichtbar	adj	-	不可或缺的	-
geboten	adj	-	必要的；应当的	-
ausdrücklich	adj	-	明确的	-
explizit	adj	-	明确的	-
implizit	adj	-	隐含的	-
unterschwellig	adj	-	潜意识的；暗含的	-
diffus	adj	-	模糊散乱的	-
schwammig	adj	-	含糊不清的	-
konsequent	adj	-	一贯的；坚决的	-
folgerichtig	adj	-	合乎逻辑的	-
stringent	adj	-	严密的	-
kohärent	adj	-	连贯的	-
differenziert	adj	-	细致入微的	-
mittelfristig	adj	-	中期的	-
unabsehbar	adj	-	无法预料的	-
unüberschaubar	adj	-	数不清的；看不到头的	-
anschaulich	adj	-	直观的；生动的	-
begreiflich	adj	-	可以理解的	-
offenkundig	adj	-	显然的	-
augenscheinlich	adj	-	显然的	-
mutmaßlich	adj	-	推测的；涉嫌的	-
faktisch	adj	-	事实上的	-
ursprünglich	adj	-	原本的；最初的	-
herkömmlich	adj	-	传统的；常规的	-
gebräuchlich	adj	-	常用的	-
geläufig	adj	-	熟悉的；常见的	-
verbreitet	adj	-	普遍的	-
gleichwertig	adj	-	等值的	-
vergleichbar	adj	-	可比的；类似的	-
ebenbürtig	adj	-	势均力敌的	-
unterlegen	adj	-	处于劣势的	-
zweitrangig	adj	-	次要的	-
belanglos	adj	-	无关紧要的	-
marginal	adj	-	边缘的；微小的	-
bemerkenswert	adj	-	值得注意的	-
markant	adj	-	显著的；鲜明的	-
umfassend	adj	-	全面的	-
eingehend	adj	-	详尽的	-
gründlich	adj	-	彻底的；仔细的	-
mühsam	adj	-	费力的	-
lohnend	adj	-	值得的	-
fruchtbar	adj	-	富有成效的	-
effektiv	adj	-	有效的	-
hinderlich	adj	-	有碍的	-
förderlich	adj	-	有益的	~ + Dat.
zuträglich	adj	-	有益的	~ + Dat.
nachteilig	adj	-	不利的	-
vorteilhaft	adj	-	有利的	-
durchführbar	adj	-	可实施的	-
vertretbar	adj	-	说得过去的	-
gerechtfertigt	adj	-	合理的；正当的	-
maßgebend	adj	-	权威的；决定性的	-
gewillt	adj	-	愿意的	-
geneigt	adj	-	倾向于的	-
bestrebt	adj	-	力求的	-
erpicht	adj	-	渴望的	~ auf + Akk.
unvoreingenommen	adj	-	不带偏见的	-
subjektiv	adj	-	主观的	-
umsichtig	adj	-	周到的	-
leichtfertig	adj	-	轻率的	-
überstürzt	adj	-	仓促的	-
unüberlegt	adj	-	欠考虑的	-
gezielt	adj	-	有针对性的	-
systematisch	adj	-	系统的	-
willkürlich	adj	-	任意的；专断的	-
beliebig	adj	-	任意的	-
unbeabsichtigt	adj	-	无意的	-
unweigerlich	adj	-	不可避免的	-
unvermeidlich	adj	-	不可避免的	-
unumgänglich	adj	-	必不可少的	-
unausweichlich	adj	-	无法回避的	-
naheliegend	adj	-	显而易见的	-
zutreffend	adj	-	恰当的；属实的	-
treffend	adj	-	贴切的	-
stimmig	adj	-	协调一致的	-
ganzheitlich	adj	-	整体的	-
fachübergreifend	adj	-	跨学科的	-
etwaig	adj	-	可能的	-
potenziell	adj	-	潜在的	-
erdenklich	adj	-	所能想到的	-
schlagartig	adj	-	突然的	-
allmählich	adj	-	逐渐的	-
kontinuierlich	adj	-	持续的	-
sporadisch	adj	-	零星的	-
vereinzelt	adj	-	个别的	-
facettenreich	adj	-	多面的	-
vielschichtig	adj	-	多层次的	-
verwickelt	adj	-	错综复杂的	-
knifflig	adj	-	棘手的	-
diffizil	adj	-	棘手的；难办的	-
mühelos	adj	-	毫不费力的	-
gewöhnungsbedürftig	adj	-	需要适应的	-
ungewohnt	adj	-	不习惯的	-
unzureichend	adj	-	不足的	-
dürftig	adj	-	贫乏的	-
spärlich	adj	-	稀少的	-
reichlich	adj	-	充裕的	-
hinreichend	adj	-	充分的	-
entbehrlich	adj	-	可有可无的	-
bahnbrechend	adj	-	开创性的	-
wegweisend	adj	-	指明方向的	-
tonangebend	adj	-	定调的；领头的	-
einflussreich	adj	-	有影响力的	-
ausgeprägt	adj	-	显著的；鲜明的	-
spürbar	adj	-	明显的；可感觉到的	-
merklich	adj	-	明显的	-
nachweislich	adj	-	可证实的	-
jeweilig	adj	-	各自的	-
beiderseitig	adj	-	双方的	-
wechselseitig	adj	-	相互的	-
entsprechend	adj	-	相应的	-
zeitweilig	adj	-	暂时的	-
bedenkenlos	adj	-	毫不犹豫的	-
wortwörtlich	adj	-	逐字的	-
vorbildlich	adj	-	模范的	-
unbestritten	adj	-	无可争议的	-
unstrittig	adj	-	无争议的	-
weitsichtig	adj	-	有远见的；远视的	-
kurzsichtig	adj	-	短视的；近视的	-
verhältnismäßig	adj	-	相对的；适度的	-
vielversprechend	adj	-	有前途的	-
aussichtslos	adj	-	毫无希望的	-
zwiespältig	adj	-	矛盾的；复杂的	-
ambivalent	adj	-	矛盾的	-
ernüchternd	adj	-	令人清醒的；令人失望的	-
bedenkenswert	adj	-	值得考虑的	-
erstrebenswert	adj	-	值得追求的	-
wünschenswert	adj	-	可取的	-
ohnedies	adv	-	反正；本来就	-
beziehungsweise	adv	-	或者说；分别	缩写 bzw.
respektive	adv	-	分别；或者说	-
bestenfalls	adv	-	最好也不过	-
schlimmstenfalls	adv	-	最坏情况下	-
keinesfalls	adv	-	决不	-
mitnichten	adv	-	绝非如此	-
schlechthin	adv	-	纯粹；典型的	-
gleichermaßen	adv	-	同样地	-
folglich	adv	-	因此	-
infolgedessen	adv	-	因此；结果	-
demzufolge	adv	-	因此；据此	-
somit	adv	-	因此	-
mithin	adv	-	因此	-
demnach	adv	-	据此；因此	-
insofern	adv	-	在这点上	-
insoweit	adv	-	就此而言	-
inwiefern	adv	-	在多大程度上	-
inwieweit	adv	-	在何种程度上	-
indessen	adv	-	然而；与此同时	-
zudem	adv	-	此外	-
überdies	adv	-	此外	-
ferner	adv	-	此外	-
obendrein	adv	-	而且还	-
nichtsdestoweniger	adv	-	尽管如此	-
gleichwohl	adv	-	尽管如此	-
allemal	adv	-	绝对；无论如何	-
letztlich	adv	-	归根结底	-
schlussendlich	adv	-	最终	-
vorweg	adv	-	预先；事先	-
nunmehr	adv	-	如今；从此	-
fortan	adv	-	从此以后	-
unterdessen	adv	-	与此同时	-
weitgehend	adv	-	在很大程度上	-
größtenteils	adv	-	大部分	-
überwiegend	adv	-	主要地；大多	-
vorwiegend	adv	-	主要地	-
vornehmlich	adv	-	主要；尤其	-
ausschließlich	adv	-	完全；唯一	-
lediglich	adv	-	仅仅	-
sprich	adv	-	也就是说	-
schätzungsweise	adv	-	估计；大约	-
annähernd	adv	-	近似；将近	-
nahezu	adv	-	几乎	-
prinzipiell	adv	-	原则上	-
generell	adv	-	一般来说	-
jeweils	adv	-	各自；每次	-
anscheinend	adv	-	看来；似乎	-
erwiesenermaßen	adv	-	经证实	-
bekanntlich	adv	-	众所周知	-
bedauerlicherweise	adv	-	遗憾的是	-
erfreulicherweise	adv	-	令人高兴的是	-
üblicherweise	adv	-	通常	-
typischerweise	adv	-	典型地	-
logischerweise	adv	-	合乎逻辑地；自然	-
verständlicherweise	adv	-	可以理解的是	-
fairerweise	adv	-	公平地说	-
ehrlicherweise	adv	-	说实话	-
andernfalls	adv	-	否则	-
vielmehr	adv	-	更确切地说；而是	-
geschweige	adv	-	更不用说	~ denn
zweifelsohne	adv	-	毫无疑问	-
schlechterdings	adv	-	完全；根本	-
ansatzweise	adv	-	初步地；略微	-
stellenweise	adv	-	局部地	-
zusehends	adv	-	明显地（变化）	-
vermehrt	adv	-	更多地	-
verstärkt	adv	-	更加；加强地	-
angesichts	other	-	鉴于	~ + Gen.
infolge	other	-	由于	~ + Gen.
anhand	other	-	根据；借助	~ + Gen.
mittels	other	-	借助	~ + Gen.
ungeachtet	other	-	不管；尽管	~ + Gen.
unbeschadet	other	-	不影响	~ + Gen.
zufolge	other	-	根据	~ + Dat.，后置
entgegen	other	-	违背；与…相反	~ + Dat.
anlässlich	other	-	值…之际	~ + Gen.
kraft	other	-	凭借	~ + Gen.
vorbehaltlich	other	-	以…为保留	~ + Gen.
betreffs	other	-	关于	~ + Gen.
sofern	other	-	只要；如果	连词
soweit	other	-	就…而言；只要	连词
wohingegen	other	-	而；然而	连词
zumal	other	-	尤其因为	连词
indem	other	-	通过；借…	连词
wenngleich	other	-	尽管	连词
obgleich	other	-	尽管	连词
wiewohl	other	-	虽然	连词
insbesondere	other	-	尤其	-
Konsequenz	noun	f	后果；一贯性	-
Belang	noun	m	重要性	von ~ sein
Relevanz	noun	f	相关性；重要性	-
Anlass	noun	m	起因；场合	-
Beweggrund	noun	m	动机	-
Maßstab	noun	m	标准；比例尺	-
Kriterium	noun	n	标准	-
Grundsatz	noun	m	原则	-
Leitbild	noun	n	典范；愿景	-
Ansatz	noun	m	思路；着手点	-
Herangehensweise	noun	f	做法；思路	-
Vorkehrung	noun	f	预防措施	-
Prämisse	noun	f	前提	-
Erkenntnis	noun	f	认识；发现	-
Einsicht	noun	f	明白；查阅	-
Einblick	noun	m	了解；洞察	-
Erwägung	noun	f	考虑	-
Auffassung	noun	f	看法	-
Blickwinkel	noun	m	角度	-
Hinsicht	noun	f	方面	in dieser ~
Gesichtspunkt	noun	m	角度；方面	-
Gegebenheit	noun	f	既定条件	-
Umstand	noun	m	情况；麻烦	-
Fazit	noun	n	总结；结论	-
Tendenz	noun	f	趋势；倾向	-
Wandel	noun	m	变迁	-
Umbruch	noun	m	剧变	-
Wendepunkt	noun	m	转折点	-
Durchbruch	noun	m	突破	-
Rückschlag	noun	m	挫折	-
Stillstand	noun	m	停滞	-
Hürde	noun	f	障碍；门槛	-
Dilemma	noun	n	两难	-
Zwiespalt	noun	m	内心矛盾	-
Spannungsfeld	noun	n	张力；矛盾地带	-
Gratwanderung	noun	f	走钢丝；如履薄冰	-
Einvernehmen	noun	n	一致；谅解	-
Ermessen	noun	n	斟酌；裁量	-
Handhabung	noun	f	处理方式；操作	-
Bemühung	noun	f	努力	-
Anreiz	noun	m	激励；诱因	-
Ansporn	noun	m	激励	-
Äußerung	noun	f	言论	-
Erläuterung	noun	f	解释	-
Indiz	noun	n	迹象；间接证据	-
Anzeichen	noun	n	迹象；征兆	-
Beschaffenheit	noun	f	性质；状态	-
Schwerpunkt	noun	m	重点	-
Ausgangspunkt	noun	m	出发点	-
Einzelfall	noun	m	个案	-
Kehrseite	noun	f	反面；另一面	-
Schattenseite	noun	f	阴暗面	-
Vorzug	noun	m	优点；优先	-
Manko	noun	n	缺陷	-
Versäumnis	noun	n	疏忽；失职	-
Fehleinschätzung	noun	f	误判	-
Trugschluss	noun	m	错误结论	-
Ungewissheit	noun	f	不确定	-
Gewissheit	noun	f	确定；把握	-
Eventualität	noun	f	可能发生的情况	-
Notwendigkeit	noun	f	必要性	-
Vorrang	noun	m	优先	-
Gesamtheit	noun	f	整体	-
Bestandteil	noun	m	组成部分	-
Diskrepanz	noun	f	差距；不一致	-
Kluft	noun	f	鸿沟	-
Gefälle	noun	n	落差	-
Ungleichgewicht	noun	n	失衡	-
Rücksichtnahme	noun	f	体谅	-
Genugtuung	noun	f	满足感	-
Befürchtung	noun	f	担忧	-
Besorgnis	noun	f	忧虑	-
Anschein	noun	m	表象	-
Gespür	noun	n	直觉；敏感	-
Fingerspitzengefühl	noun	n	分寸感	-
Sachverstand	noun	m	专业知识	-
Beständigkeit	noun	f	稳定性	-
Weichenstellung	noun	f	方向性决定	-
Resonanz	noun	f	反响	-
Ausgewogenheit	noun	f	均衡	-
Unverhältnismäßigkeit	noun	f	不成比例	-
Unterfangen	noun	n	冒险之举；尝试	-
Tragik	noun	f	悲剧性	-
Unzulänglichkeit	noun	f	不足	-
Gegenargument	noun	n	反论据	-
Begründung	noun	f	理由；论证	-
Erfordernis	noun	n	要求；需要	-
Komplexität	noun	f	复杂性	-
