Bedienbarkeit	noun	f	易用性；可操作性	-
Gebrauchstauglichkeit	noun	f	可用性（易用性）	-
Bedienelement	noun	n	控件	-
Kontrollkästchen	noun	n	复选框	-
Optionsfeld	noun	n	单选按钮	-
Menüleiste	noun	f	菜单栏	-
Symbolleiste	noun	f	工具栏	-
Seitenleiste	noun	f	侧边栏	-
Bildlaufleiste	noun	f	滚动条	-
Tastenkürzel	noun	n	快捷键	-
Eingabemaske	noun	f	录入界面；表单	-
Bildschirmmaske	noun	f	界面（表单页）	-
Hinweistext	noun	m	提示文字	-
Warnhinweis	noun	m	警告提示	-
Nutzerführung	noun	f	用户引导	-
Bedienkonzept	noun	n	交互方案	-
Nutzererlebnis	noun	n	用户体验	-
Nutzergruppe	noun	f	用户群体	-
Nutzerbefragung	noun	f	用户调研	-
Nutzertest	noun	m	用户测试	-
Abwanderungsrate	noun	f	流失率	-
Absprungrate	noun	f	跳出率	-
Verweildauer	noun	f	停留时长	-
Klickrate	noun	f	点击率	-
Umwandlungsrate	noun	f	转化率	-
Seitenaufruf	noun	m	页面访问（PV）	-
Besucherzahl	noun	f	访问量	-
Markteinführung	noun	f	上市；产品发布	-
Produktreife	noun	f	产品成熟度	-
Funktionsumfang	noun	m	功能范围	-
Leistungsmerkmal	noun	n	功能特性	-
Grundfunktion	noun	f	基础功能	-
Zusatzfunktion	noun	f	附加功能	-
Bezahlschranke	noun	f	付费墙	-
Probezeitraum	noun	m	试用期	-
Drahtgittermodell	noun	n	线框图	-
Klickdummy	noun	m	可点击原型	-
gestalten	verb	-	设计；打造	-
Gestaltungsrichtlinie	noun	f	设计规范	-
Farbgebung	noun	f	配色	-
Zeilenabstand	noun	m	行距	-
Ausrichtung	noun	f	对齐；方向	-
Detailansicht	noun	f	详情页	-
Einstiegsseite	noun	f	落地页	-
Hochformat	noun	n	竖屏	-
Querformat	noun	n	横屏	-
aufgeräumt	adj	-	简洁整齐的	-
ansprechend	adj	-	美观吸引人的	-
schlicht	adj	-	简约的	-
einheitlich	adj	-	统一的	-
auffindbar	adj	-	可找到的	-
bedienbar	adj	-	可操作的	-
antippen	verb	-	轻点（触屏）	-
ausgrauen	verb	-	置灰	-
umschalten	verb	-	切换	-
rückgängig	adj	-	撤销的	~ machen
Datenanalyse	noun	f	数据分析	-
Datenauswertung	noun	f	数据评估	-
Datenbereinigung	noun	f	数据清洗	-
Rohdaten	noun	pl	原始数据	-
Messwert	noun	m	测量值	-
Mittelwert	noun	m	平均值	-
Streuung	noun	f	离散度	-
Standardabweichung	noun	f	标准差	-
Normalverteilung	noun	f	正态分布	-
Kausalität	noun	f	因果关系	-
Signifikanz	noun	f	显著性	-
Stichprobengröße	noun	f	样本量	-
Grundgesamtheit	noun	f	总体	-
verzerrt	adj	-	有偏差的	-
Messfehler	noun	m	测量误差	-
Schätzung	noun	f	估计	-
Kennzahlensystem	noun	n	指标体系	-
Messgröße	noun	f	度量指标	-
Zielwert	noun	m	目标值	-
Wachstumsrate	noun	f	增长率	-
Balkendiagramm	noun	n	柱状图	-
Kreisdiagramm	noun	n	饼图	-
Liniendiagramm	noun	n	折线图	-
Streudiagramm	noun	n	散点图	-
Auswertungszeitraum	noun	m	统计周期	-
Übersichtsseite	noun	f	看板	-
Kennwert	noun	m	特征值；指标	-
Merkmalsauswahl	noun	f	特征选择	-
Zielvariable	noun	f	目标变量	-
Einflussgröße	noun	f	影响因素	-
maschinell	adj	-	机器的；自动的	~es Lernen
Lernverfahren	noun	n	学习算法	-
Vorverarbeitung	noun	f	预处理	-
Einordnung	noun	f	归类；定位	-
Clusteranalyse	noun	f	聚类分析	-
neuronal	adj	-	神经的	~es Netz
Gewichtung	noun	f	权重	-
Überanpassung	noun	f	过拟合	-
Verlustfunktion	noun	f	损失函数	-
Kennzeichnung	noun	f	标注	-
kennzeichnen	verb	-	标注；标记	-
annotieren	verb	-	标注	-
Empfehlungssystem	noun	n	推荐系统	-
Anomalieerkennung	noun	f	异常检测	-
mandantenfähig	adj	-	支持多租户的	-
Abschaltung	noun	f	下线；关停	-
Stilllegung	noun	f	停用	-
Ablösung	noun	f	替换	-
Abnahmeumgebung	noun	f	验收环境	-
Wiederanlauf	noun	m	重启恢复	-
Katastrophenfall	noun	m	灾难场景	-
Georedundanz	noun	f	异地冗余	-
redundant	adj	-	冗余的	-
replizieren	verb	-	复制	-
Lastverteiler	noun	m	负载均衡器	-
Störfall	noun	m	事故	-
Lasttest	noun	m	压测	-
Grundlast	noun	f	基础负载	-
Ladezeit	noun	f	加载时间	-
Leistungseinbruch	noun	m	性能骤降	-
Rechenzeit	noun	f	计算时间	-
Speicherverbrauch	noun	m	内存占用	-
Ressourcenverbrauch	noun	m	资源消耗	-
verlangsamen	verb	-	变慢	-
Zugriffsbegrenzung	noun	f	访问限流	-
Kapazitätsplanung	noun	f	容量规划	-
herunterskalieren	verb	-	缩容	-
Flaschenhals	noun	m	瓶颈	-
Leistungsmessung	noun	f	性能测试	-
messen	verb	-	测量	-
Alarmierung	noun	f	告警	-
alarmieren	verb	-	告警	-
Protokolldatei	noun	f	日志文件	-
Fehleranalyse	noun	f	故障分析	-
Fehlerursache	noun	f	故障原因	-
Eingrenzung	noun	f	问题定位	-
Zwischenlösung	noun	f	过渡方案	-
störanfällig	adj	-	易出故障的	-
Robustheit	noun	f	健壮性	-
Fehlertoleranz	noun	f	容错性	-
Ausfallwahrscheinlichkeit	noun	f	故障概率	-
Qualitätsmerkmal	noun	n	质量属性	-
Qualitätsanspruch	noun	m	质量要求	-
Durchsicht	noun	f	审阅	-
durchsehen	verb	-	审阅；过一遍	-
Begutachtung	noun	f	评审	-
Abnahmetest	noun	m	验收测试	-
Testabdeckung	noun	f	测试覆盖率	-
Testlauf	noun	m	测试运行	-
Stichprobenprüfung	noun	f	抽检	-
Festlegung	noun	f	约定；规定	-
Benutzerhandbuch	noun	n	用户手册	-
Betriebshandbuch	noun	n	运维手册	-
Architekturentscheidung	noun	f	架构决策	-
Entscheidungsvorlage	noun	f	决策文件	-
Änderungsprotokoll	noun	n	变更记录	-
Versionshinweise	noun	pl	发布说明	-
Grenzfall	noun	m	边界情形	-
Nutzungsszenario	noun	n	使用场景	-
Geschäftsregel	noun	f	业务规则	-
technisch	adj	-	技术上的	-
nachbauen	verb	-	仿造；复刻	-
abbildbar	adj	-	可映射的	-
Abbildung	noun	f	映射；插图	-
Zuordnung	noun	f	映射	-
zeitgemäß	adj	-	与时俱进的	-
zukunftssicher	adj	-	面向未来的	-
Abwärtskompatibilität	noun	f	向后兼容	-
abhängen	verb	-	依赖	von etw. ~
lose	adj	-	松散的	~ gekoppelt
gekoppelt	adj	-	耦合的	-
aufwandsarm	adj	-	省事的	-
schwergewichtig	adj	-	重量级的	-
leichtgewichtig	adj	-	轻量级的	-
fehlerfrei	adj	-	无错误的	-
vollständig	adj	-	完整的	-
Vollständigkeit	noun	f	完整性	-
Eindeutigkeit	noun	f	唯一性	-
konsistent	adj	-	一致的	-
inkonsistent	adj	-	不一致的	-
messbar	adj	-	可衡量的	-
quantifizieren	verb	-	量化	-
bemessen	verb	-	估量	-
Bemessung	noun	f	测算	-
abschätzen	verb	-	粗估	-
Abschätzung	noun	f	粗估	-
bewerten	verb	-	评估	-
realisieren	verb	-	实现	-
verwirklichen	verb	-	实现	-
Anbindung	noun	f	对接	-
Aufteilung	noun	f	拆分	-
Bündelung	noun	f	汇集	-
zusammenfassen	verb	-	汇总	-
aggregieren	verb	-	聚合	-
gruppieren	verb	-	分组	-
Ableitung	noun	f	推导	-
herleiten	verb	-	推导	-
Erfassung	noun	f	采集	-
aufzeichnen	verb	-	记录	-
speichern	verb	-	存储	-
Ablage	noun	f	存放位置	-
Anonymisierung	noun	f	匿名化	-
Berechtigungskonzept	noun	n	权限方案	-
aktualisieren	verb	-	更新	-
aktuell	adj	-	最新的	-
abkündigen	verb	-	宣布停止支持	-
Abkündigung	noun	f	停止支持公告	-
auslaufen	verb	-	停止；到期	-
Lebenszyklus	noun	m	生命周期	-
Unterstützungsende	noun	n	停止支持	-
Zwischenergebnis	noun	n	中间结果	-
inkrementell	adj	-	增量的	-
aufarbeiten	verb	-	补上；清理	-
Rückverfolgbarkeit	noun	f	可追溯性	-
Untergrenze	noun	f	下限	-
Ausnahmefall	noun	m	例外情况	-
Sonderlösung	noun	f	特殊方案	-
Insellösung	noun	f	孤岛方案	-
Gesamtlösung	noun	f	整体方案	-
Standardlösung	noun	f	标准方案	-
Eigenentwicklung	noun	f	自研	-
Fremdsoftware	noun	f	第三方软件	-
Kostenersparnis	noun	f	成本节省	-
kosteneffizient	adj	-	高性价比的	-
Zeitaufwand	noun	m	耗时	-
risikoarm	adj	-	低风险的	-
kritisch	adj	-	关键的；严重的	-
dringend	adj	-	紧急的	-
Schweregrad	noun	m	严重级别	-
auswirken	verb	-	产生影响	sich ~ auf
Beeinträchtigung	noun	f	影响；损害	-
Betreiber	noun	m	运营方	-
fortsetzen	verb	-	继续	-
Wertebereich	noun	m	取值范围	-
Pflichtfeld	noun	n	必填项	-
voreingestellt	adj	-	默认的	-
nachbilden	verb	-	模拟	-
simulieren	verb	-	模拟	-
Nachbildung	noun	f	模拟；仿制	-
Musterlösung	noun	f	参考方案	-
Vorlage	noun	f	模板	-
Durchstich	noun	m	端到端打通	-
Pilotprojekt	noun	n	试点项目	-
erproben	verb	-	试用	-
Erprobung	noun	f	试用	-
analysieren	verb	-	分析	-
erforschen	verb	-	研究	-
Auffälligkeit	noun	f	异常点	-
unauffällig	adj	-	无异常的	-
sprunghaft	adj	-	骤然的	-
stetig	adj	-	持续平稳的	-
Schwankung	noun	f	波动	-
sinken	verb	-	下降	-
abflachen	verb	-	趋于平缓	-
steigend	adj	-	上升的	-
Ausmaß	noun	n	规模；程度	-
Größenordnung	noun	f	数量级	-
verdoppeln	verb	-	翻倍	-
halbieren	verb	-	减半	-
vervielfachen	verb	-	成倍增加	-
unterschreiten	verb	-	低于	-
überschreiten	verb	-	超过	-
Überschreitung	noun	f	超出	-
einpendeln	verb	-	趋于稳定	sich ~
vorberechnen	verb	-	预计算	-
zwischenlagern	verb	-	暂存	-
verlagern	verb	-	转移	-
vereinfachen	verb	-	简化	-
vereinheitlichen	verb	-	统一	-
verfeinern	verb	-	细化	-
erweitern	verb	-	扩展	-
hochstufen	verb	-	升级	-
durchreichen	verb	-	透传	-
zwischenschalten	verb	-	插入中间层	-
vorschalten	verb	-	前置	-
abprüfen	verb	-	校验	-
gegenprüfen	verb	-	交叉核对	-
angleichen	verb	-	对齐；统一	-
verklemmen	verb	-	死锁	sich ~
volllaufen	verb	-	写满	-
anstauen	verb	-	积压	sich ~
ausleiten	verb	-	导出	-
einpflegen	verb	-	录入维护	-
befüllen	verb	-	填充	-
anreichern	verb	-	丰富数据	-
verschlagworten	verb	-	打标签	-
einstampfen	verb	-	砍掉（项目）	-
zurückbauen	verb	-	拆除	-
abwandern	verb	-	流失	-
berücksichtigen	verb	-	考虑到	-
vernachlässigen	verb	-	忽略	-
unterschätzen	verb	-	低估	-
überschätzen	verb	-	高估	-
wiederanlaufen	verb	-	恢复运行	-
zeitgesteuert	adj	-	定时的	-
ereignisgesteuert	adj	-	事件驱动的	-
datengetrieben	adj	-	数据驱动的	-
nutzerzentriert	adj	-	以用户为中心的	-
bedarfsgerecht	adj	-	按需的	-
zustandslos	adj	-	无状态的	-
zustandsbehaftet	adj	-	有状态的	-
parallelisierbar	adj	-	可并行的	-
veränderbar	adj	-	可变的	-
ressourcenhungrig	adj	-	吃资源的	-
zäh	adj	-	卡顿的；拖沓的	-
reaktionsschnell	adj	-	响应快的	-
lückenlos	adj	-	无遗漏的	-
feingranular	adj	-	细粒度的	-
grobgranular	adj	-	粗粒度的	-
feingliedrig	adj	-	细分的	-
kleinteilig	adj	-	琐碎的	-
übergreifend	adj	-	跨领域的	-
plattformübergreifend	adj	-	跨平台的	-
herstellerunabhängig	adj	-	不绑定厂商的	-
hauseigen	adj	-	自有的	-
unterbrechungsfrei	adj	-	不中断的	-
wartungsintensiv	adj	-	维护成本高的	-
zukunftsträchtig	adj	-	有前景的	-
richtungsweisend	adj	-	有导向意义的	-
belastungsfähig	adj	-	可承载的	-
schwerwiegend	adj	-	严重的	-
vernachlässigbar	adj	-	可忽略的	-
nennenswert	adj	-	值得一提的	-
unvollständig	adj	-	不完整的	-
anschlussfähig	adj	-	可对接的	-
verwertbar	adj	-	可利用的	-
auswertbar	adj	-	可分析的	-
maschinenlesbar	adj	-	机器可读的	-
durchsuchbar	adj	-	可搜索的	-
abrufbar	adj	-	可调取的	-
einsehbar	adj	-	可查看的	-
nachrüstbar	adj	-	可后装的	-
nutzungsbasiert	adj	-	按用量计费的	-
bedarfsorientiert	adj	-	按需的	-
vorausschauend	adj	-	预见性的	-
Vorhersagegenauigkeit	noun	f	预测精度	-
