Vertretungsregelung	noun	f	代班安排	-
Reisekostenabrechnung	noun	f	差旅费报销	-
Abwesenheit	noun	f	缺勤；不在岗	-
Rückruf	noun	m	回电	-
Rückrufbitte	noun	f	请求回电	-
Durchwahl	noun	f	分机直拨号	-
Anrufbeantworter	noun	m	电话答录机	-
Mailbox	noun	f	语音信箱	-
Betreffzeile	noun	f	邮件主题行	-
Blindkopie	noun	f	密送	-
Anhang	noun	m	附件	-
Posteingang	noun	m	收件箱	-
Kenntnisnahme	noun	f	知悉	zur ~
Unterschrift	noun	f	签字	-
Terminvorschlag	noun	m	时间提议	-
Terminkalender	noun	m	日程表	-
Absage	noun	f	取消；拒绝	-
Zusage	noun	f	允诺；确认	-
Besprechungsraum	noun	m	会议室	-
Ergebnisprotokoll	noun	n	决议纪要	-
Teilnehmer	noun	m	参会者	-
Moderation	noun	f	主持	-
Ansprechperson	noun	f	联系人	-
Zuständigkeitsbereich	noun	m	职责范围	-
Mitteilung	noun	f	通知	-
Sprachnachricht	noun	f	语音消息	-
Chatverlauf	noun	m	聊天记录	-
Kanal	noun	m	频道	-
Emoji	noun	n	表情符号	-
Lesebestätigung	noun	f	已读回执	-
Empfangsbestätigung	noun	f	收到确认	-
Freizeitausgleich	noun	m	调休	-
Vertreter	noun	m	代理人；代表	-
Kunde	noun	m	客户	-
Bestandskunde	noun	m	老客户	-
Neukunde	noun	m	新客户	-
Kundenbetreuung	noun	f	客户服务	-
Kundenzufriedenheit	noun	f	客户满意度	-
Kundenanfrage	noun	f	客户询问	-
Kundentermin	noun	m	客户会面	-
Betreuung	noun	f	照料；服务	-
Beauftragung	noun	f	委托	-
Anfrage	noun	f	询价；询问	-
Bestellung	noun	f	订购	-
Lieferschein	noun	m	送货单	-
Rechnungsstellung	noun	f	开票	-
Zahlungserinnerung	noun	f	付款提醒	-
Rabatt	noun	m	折扣	-
Nachlass	noun	m	减价	-
Konditionen	noun	pl	条件；条款	-
Vertragspartner	noun	m	合同方	-
Verlängerung	noun	f	延期；续约	-
Mängelrüge	noun	f	瑕疵通知	-
Kulanzleistung	noun	f	通融性补偿	-
Geschäftsbeziehung	noun	f	业务关系	-
Geschäftspartner	noun	m	业务伙伴	-
Geschäftsessen	noun	n	商务餐	-
Visitenkarte	noun	f	名片	-
Messe	noun	f	展会	-
Messestand	noun	m	展位	-
Akquise	noun	f	客户开发	-
Kaltakquise	noun	f	陌生拜访	-
Fortbildung	noun	f	进修	-
Lehrgang	noun	m	培训班	-
Seminar	noun	n	研讨课	-
Workshop	noun	m	工作坊	-
Dozent	noun	m	讲师	-
Zertifizierung	noun	f	认证	-
Teilnahmebescheinigung	noun	f	参加证明	-
Qualifikation	noun	f	资质	-
Einarbeitungsplan	noun	m	入职培训计划	-
Pate	noun	m	入职导师	-
Mentoring	noun	n	导师辅导	-
Coaching	noun	n	辅导	-
Hospitation	noun	f	旁听见习	-
Kompetenz	noun	f	能力	-
Fachkompetenz	noun	f	专业能力	-
Sozialkompetenz	noun	f	社交能力	-
Weiterbildungsbudget	noun	n	进修预算	-
Fernstudium	noun	n	远程学习	-
Umschulung	noun	f	转岗培训	-
Lernkurve	noun	f	学习曲线	-
Know-how	noun	n	专门知识	-
Reiseantrag	noun	m	出差申请	-
Reisekostenrichtlinie	noun	f	差旅费规定	-
Tagegeld	noun	n	出差日补贴	-
Verpflegungsmehraufwand	noun	m	出差餐补	-
Kilometerpauschale	noun	f	里程补贴	-
Bewirtungsbeleg	noun	m	招待餐凭证	-
Auslagen	noun	pl	垫付款	-
Firmenwagen	noun	m	公司车	-
Mietwagen	noun	m	租车	-
Bahncard	noun	f	德铁优惠卡	-
Hotelbuchung	noun	f	酒店预订	-
Reiseplanung	noun	f	行程安排	-
Reiseziel	noun	n	目的地	-
Dienstgang	noun	m	公务外出	-
Kostenstelle	noun	f	成本中心	-
Einzelbüro	noun	n	单人办公室	-
Arbeitsplatz	noun	m	工位；职位	-
Desksharing	noun	n	共享工位	-
Präsenz	noun	f	到场；在场	-
Büroausstattung	noun	f	办公设备	-
Büromaterial	noun	n	办公用品	-
Drucker	noun	m	打印机	-
Aktenordner	noun	m	文件夹	-
Teeküche	noun	f	茶水间	-
Kantine	noun	f	食堂	-
Mittagspause	noun	f	午休	-
Kaffeepause	noun	f	茶歇	-
Betriebsausflug	noun	m	团建出游	-
Weihnachtsfeier	noun	f	圣诞聚会	-
Empfang	noun	m	前台；接待	-
Zugangskarte	noun	f	门禁卡	-
Namensschild	noun	n	名牌	-
Kollegium	noun	n	全体同事	-
Leistungsbeurteilung	noun	f	绩效评估	-
Bewertung	noun	f	评价	-
Lob	noun	n	表扬	-
Sorgfalt	noun	f	细心	-
Engagement	noun	n	投入	-
Teamfähigkeit	noun	f	团队协作能力	-
Flexibilität	noun	f	灵活性	-
Selbstständigkeit	noun	f	独立性	-
Zielstrebigkeit	noun	f	执着	-
Sachlichkeit	noun	f	客观	-
Burn-out	noun	n	职业倦怠	-
Eigenverantwortung	noun	f	自主负责	-
Verantwortungsbewusstsein	noun	n	责任心	-
Diskretion	noun	f	保密	-
Bearbeitung	noun	f	处理	-
Vorgang	noun	m	事项；流程	-
Anfragebearbeitung	noun	f	咨询处理	-
Priorität	noun	f	优先级	-
Delegation	noun	f	委派；代表团	-
Koordination	noun	f	协调	-
Beteiligte	noun	m	相关方	-
Klärung	noun	f	澄清	-
Missverständnis	noun	n	误会	-
Informationsfluss	noun	m	信息流通	-
Transparenz	noun	f	透明度	-
Kommunikationsweg	noun	m	沟通渠道	-
Prokurist	noun	m	全权代理人	-
Ergänzung	noun	f	补充	-
Zusammenfassung	noun	f	摘要	-
Überblick	noun	m	概览	-
Kompromiss	noun	m	妥协	-
Einigung	noun	f	达成一致	-
Konflikt	noun	m	冲突	-
Du-Kultur	noun	f	互称你的文化	-
Betriebsklima	noun	n	工作氛围	-
Arbeitsatmosphäre	noun	f	工作氛围	-
Teamgeist	noun	m	团队精神	-
Entlastung	noun	f	减负	-
Springer	noun	m	机动顶岗人员	-
Praktikant	noun	m	实习生	-
Azubi	noun	m	学徒	-
Befristung	noun	f	定期期限	-
Zwischenzeugnis	noun	n	在职工作证明	-
Empfehlung	noun	f	推荐	-
Bonus	noun	m	奖金	-
Dienstlaptop	noun	m	公司笔记本	-
Feierabend	noun	m	下班	-
Bereitschaft	noun	f	待命；意愿	-
Frühschicht	noun	f	早班	-
Spätschicht	noun	f	晚班	-
Dienstplan	noun	m	排班表	-
Schichttausch	noun	m	换班	-
Personalengpass	noun	m	人手紧缺	-
Personalmangel	noun	m	人员短缺	-
Arbeitsaufwand	noun	m	工作量	-
Pensum	noun	n	工作定额	-
Deadline	noun	f	截止期限	-
Durchführung	noun	f	执行	-
Dokumentation	noun	f	文档	-
Frankierung	noun	f	邮资	-
Briefkopf	noun	m	信头	-
Unterzeichner	noun	m	签署人	-
Aufgabenliste	noun	f	任务清单	-
Kalendereinladung	noun	f	日历邀请	-
Videokonferenz	noun	f	视频会议	-
Einwahl	noun	f	拨入	-
Kamerapflicht	noun	f	必须开摄像头	-
Sekretariat	noun	n	秘书处	-
Zentrale	noun	f	总部；总机	-
Außendienst	noun	m	外勤	-
abwesend	adj	-	不在的；缺席的	-
zurückrufen	verb	-	回电话	-
durchstellen	verb	-	转接（电话）	-
weiterverbinden	verb	-	转接	-
beifügen	verb	-	附上	-
absprechen	verb	-	商定	-
vorverlegen	verb	-	提前	-
absagen	verb	-	取消；推掉	-
mitteilen	verb	-	告知	-
ausstempeln	verb	-	下班打卡	-
einspringen	verb	-	临时顶班	für jdn. ~
stellvertretend	adj	-	代理的；副的	-
anfragen	verb	-	询问	-
schulen	verb	-	培训	-
fortbilden	verb	-	进修	sich ~
weiterbilden	verb	-	进修	sich ~
qualifizieren	verb	-	获得资格	sich ~
hospitieren	verb	-	旁听见习	-
berufsbegleitend	adj	-	在职的	-
abheften	verb	-	装订归档	-
verlässlich	adj	-	可靠的	-
sorgfältig	adj	-	仔细的	-
analytisch	adj	-	分析性的	-
routiniert	adj	-	熟练的	-
versiert	adj	-	精通的	in etw. ~
tüchtig	adj	-	能干的	-
kollegial	adj	-	同事般的；友善的	-
unkompliziert	adj	-	不复杂的；好打交道的	-
unzuverlässig	adj	-	不可靠的	-
nachlässig	adj	-	马虎的	-
oberflächlich	adj	-	肤浅的	-
unterfordert	adj	-	大材小用的	-
initiativ	adj	-	主动的	-
verantwortungsbewusst	adj	-	有责任心的	-
diskret	adj	-	谨慎的；保密的	-
baldmöglichst	adv	-	尽早	-
fristgemäß	adj	-	按期的	-
erledigt	adj	-	已办妥的	-
zuteilen	verb	-	分配	-
koordinieren	verb	-	协调	-
einbeziehen	verb	-	纳入	-
missverstehen	verb	-	误解	-
transparent	adj	-	透明的	-
vorbehalten	verb	-	保留	sich ~
formell	adj	-	正式的	-
aushelfen	verb	-	帮忙；救急	-
unterbesetzt	adj	-	人手不足的	-
wiederaufnehmen	verb	-	恢复；重启	-
voranbringen	verb	-	推进	-
durchführen	verb	-	执行	-
fernmündlich	adj	-	电话上的	-
postalisch	adj	-	邮寄的	-
vermerken	verb	-	注明	-
zuschalten	verb	-	接入（会议）	sich ~
kritikfähig	adj	-	能接受批评的	-
lernbereit	adj	-	乐于学习的	-
wissbegierig	adj	-	求知欲强的	-
chaotisch	adj	-	混乱的	-
unorganisiert	adj	-	没条理的	-
pedantisch	adj	-	吹毛求疵的	-
akribisch	adj	-	一丝不苟的	-
detailverliebt	adj	-	注重细节的	-
pragmatisch	adj	-	务实的	-
bodenständig	adj	-	踏实的	-
herausragend	adj	-	出众的	-
hervorragend	adj	-	出色的	-
tadellos	adj	-	无可挑剔的	-
zufriedenstellend	adj	-	令人满意的	-
überzeugend	adj	-	令人信服的	-
beeindrucken	verb	-	给人深刻印象	-
enttäuschen	verb	-	使失望	-
bewähren	verb	-	经受考验	sich ~
profilieren	verb	-	崭露头角	sich ~
hervortun	verb	-	出众	sich ~
auszeichnen	verb	-	表彰；以…见长	sich ~
leistungsbereit	adj	-	肯出力的	-
mitwirken	verb	-	参与	-
mitarbeiten	verb	-	协作	-
abstimmungsbedürftig	adj	-	需协调的	-
wohlwollend	adj	-	善意的	-
unhöflich	adj	-	不礼貌的	-
passiv-aggressiv	adj	-	消极攻击的	-
verärgert	adj	-	恼火的	-
ungehalten	adj	-	不耐烦的；恼怒的	-
richtigstellen	verb	-	更正	-
auskunftsfähig	adj	-	能答复的	-
sprachfähig	adj	-	能表态的	-
entscheidungsbefugt	adj	-	有决策权的	-
zukommen	verb	-	寄给；送达	jdm. etw. ~ lassen
zusenden	verb	-	寄送	-
übermitteln	verb	-	传送；转达	-
ausrichten	verb	-	转告	jdm. etw. ~
verabreden	verb	-	约定	sich ~
blocken	verb	-	预留（时间）	-
freihalten	verb	-	空出（时间）	-
eintragen	verb	-	登记；写入	-
austragen	verb	-	注销；删去	sich ~
beiwohnen	verb	-	出席	-
vorsitzen	verb	-	主持（会议）	-
rapportieren	verb	-	报告	-
nachbestellen	verb	-	追加订购	-
einweisen	verb	-	指导入门	-
anleiten	verb	-	指导	-
unterweisen	verb	-	指导培训	-
aneignen	verb	-	掌握	sich ~
absolvieren	verb	-	完成（课程）	-
freistellen	verb	-	准假；免除	-
zurücknehmen	verb	-	收回	-
insistieren	verb	-	坚持要求	-
versäumen	verb	-	耽误；错过	-
anspornen	verb	-	激励	-
ermutigen	verb	-	鼓励	-
bemühen	verb	-	努力	sich ~
herantreten	verb	-	找上（某人）	an jdn. ~
zurückgreifen	verb	-	借助	auf etw. ~
ansprechbar	adj	-	可找的；可接洽的	-
nahbar	adj	-	平易近人的	-
aufmerksam	adj	-	细心的	-
ausführlich	adj	-	详细的	-
unmissverständlich	adj	-	毫不含糊的	-
abrechnungsfähig	adj	-	可报销的	-
überfachlich	adj	-	跨专业的	-
praxisnah	adj	-	贴近实践的	-
praxisorientiert	adj	-	实践导向的	-
zertifiziert	adj	-	认证过的	-
qualifiziert	adj	-	有资质的	-
einschlägig	adj	-	相关的	-
vielseitig	adj	-	多面的	-
belesen	adj	-	博学的	-
eloquent	adj	-	善辩的	-
redegewandt	adj	-	口才好的	-
fordernd	adj	-	要求高的	-
unflexibel	adj	-	不灵活的	-
kooperativ	adj	-	合作的	-
unkooperativ	adj	-	不合作的	-
problemlos	adj	-	无障碍的	-
vertrauensvoll	adj	-	互信的	-
partnerschaftlich	adj	-	伙伴式的	-
langjährig	adj	-	多年的	-
